league;gender;external_id;stage;start_dt;home_player;away_player;home_score;away_score;line_score;h_odds;a_odds
Liga Pro (Rusia);1;g_25_h8hWgjmj;Finalizado;2021-03-17 00:00:00;Vshivkov P. (Rus);Ovechkin S. (Rus);0;3;[{'home': 4, 'away': 11}, {'home': 5, 'away': 11}, {'home': 5, 'away': 11}];3.4;1.21
Liga Pro (Rusia);1;g_25_6mzJHguc;Finalizado;2021-03-17 00:00:00;Klavdenkov A. (Rus);Kryuchkov E. (Rus);1;3;[{'home': 9, 'away': 11}, {'home': 14, 'away': 12}, {'home': 7, 'away': 11}, {'home': 9, 'away': 11}];2.0;1.6
Liga Pro (Rusia);1;g_25_pvZMGDf3;Finalizado;2021-03-17 00:00:00;Alov R. (Rus);Iskenderov I. (Rus);1;3;[{'home': 5, 'away': 11}, {'home': 11, 'away': 8}, {'home': 10, 'away': 12}, {'home': 5, 'away': 11}];1.38;2.5
Liga Pro (Rusia);1;g_25_n1hrulwL;Finalizado;2021-03-17 00:00:00;Zabrodin A. (Rus);Vshivkov P. (Rus);3;2;[{'home': 5, 'away': 11}, {'home': 11, 'away': 13}, {'home': 11, 'away': 9}, {'home': 11, 'away': 9}, {'home': 11, 'away': 5}];1.28;2.95
Liga Pro (Rusia);1;g_25_h2XMX5Vf;Finalizado;2021-03-17 00:00:00;Bazilevskii V. (Rus);Klavdenkov A. (Rus);2;3;[{'home': 7, 'away': 11}, {'home': 11, 'away': 3}, {'home': 4, 'away': 11}, {'home': 11, 'away': 5}, {'home': 10, 'away': 12}];1.55;2.1
Liga Pro (Rusia);1;g_25_ImyoxLMt;Finalizado;2021-03-17 00:00:00;Muslikov S. (Rus);Alov R. (Rus);2;3;[{'home': 11, 'away': 13}, {'home': 3, 'away': 11}, {'home': 11, 'away': 5}, {'home': 11, 'away': 2}, {'home': 5, 'away': 11}];3.85;1.16
Liga Pro (Rusia);1;g_25_04dnv8hR;Finalizado;2021-03-17 00:00:00;Ovechkin S. (Rus);Karpovkin G. (Rus);1;3;[{'home': 11, 'away': 8}, {'home': 10, 'away': 12}, {'home': 1, 'away': 11}, {'home': 6, 'away': 11}];2.55;1.37
Liga Pro (Rusia);1;g_25_zPVkyuxm;Finalizado;2021-03-17 00:00:00;Iskenderov I. (Rus);Pisar A. (Rus);3;1;[{'home': 11, 'away': 8}, {'home': 11, 'away': 8}, {'home': 8, 'away': 11}, {'home': 11, 'away': 5}];1.28;2.92
Liga Pro (Rusia);1;g_25_WhWQWPp1;Finalizado;2021-03-17 00:00:00;Kryuchkov E. (Rus);Simonov S. (Rus);3;1;[{'home': 11, 'away': 7}, {'home': 11, 'away': 5}, {'home': 6, 'away': 11}, {'home': 11, 'away': 8}];1.78;1.78
Liga Pro (Rusia);1;g_25_6oZEZR0r;Finalizado;2021-03-17 00:00:00;Karpovkin G. (Rus);Vshivkov P. (Rus);3;2;[{'home': 11, 'away': 6}, {'home': 11, 'away': 9}, {'home': 8, 'away': 11}, {'home': 7, 'away': 11}, {'home': 11, 'away': 4}];1.48;2.23
Liga Pro (Rusia);1;g_25_EFUgzaig;Finalizado;2021-03-17 00:00:00;Pisar A. (Rus);Alov R. (Rus);1;3;[{'home': 11, 'away': 7}, {'home': 8, 'away': 11}, {'home': 11, 'away': 13}, {'home': 7, 'away': 11}];2.92;1.28
Liga Pro (Rusia);1;g_25_EHLVVq07;Finalizado;2021-03-17 00:00:00;Simonov S. (Rus);Klavdenkov A. (Rus);3;1;[{'home': 11, 'away': 4}, {'home': 11, 'away': 3}, {'home': 9, 'away': 11}, {'home': 11, 'away': 8}];1.11;4.65
Liga Pro (Rusia);1;g_25_pxYIYoGl;3er Set;2021-03-17 00:00:00;Zabrodin A. (Rus);Ovechkin S. (Rus);2;0;[{'home': 12, 'away': 10}, {'home': 11, 'away': 5}, {'home': 10, 'away': 8}];1.63;1.97
Liga Pro (Rusia);1;g_25_SKPZU3FD;;2021-03-17 02:15:00;Bazilevskii V. (Rus);Kryuchkov E. (Rus);0;0;[];2.13;1.54
Liga Pro (Rusia);1;g_25_8xUcZI6a;;2021-03-17 02:15:00;Muslikov S. (Rus);Iskenderov I. (Rus);0;0;[];1.38;2.5
Liga Pro (Rusia);1;g_25_EDwRFX99;;2021-03-17 03:30:00;Malahov K. (Rus);Kutin V. (Rus);0;0;[];1.44;2.35
Liga Pro (Rusia);1;g_25_zTRZDBvM;;2021-03-17 03:45:00;Buyanin I. (Rus);Slachshilin A. (Rus);0;0;[];1.88;1.78
Liga Pro (Rusia);1;g_25_6BI58k2q;;2021-03-17 03:45:00;Kalashnikov E. (Rus);Pavlenko R. (Rus);0;0;[];1.19;3.6
Liga Pro (Rusia);1;g_25_h4xVEiPF;;2021-03-17 04:00:00;Zirin A. (Rus);Nemashkalo V. (Rus);0;0;[];1.44;2.35
Liga Pro (Rusia);1;g_25_lWVwDVgS;;2021-03-17 04:15:00;Khomenko R. (Rus);Evlampiev V. (Rus);0;0;[];1.32;2.98
Liga Pro (Rusia);1;g_25_p2H979Hk;;2021-03-17 04:15:00;Mikheev D. (Rus);Afanasev I. (Rus);0;0;[];2.1;1.55
Liga Pro (Rusia);1;g_25_6Nn1YxM5;;2021-03-17 04:30:00;Kutin V. (Rus);Zirin A. (Rus);0;0;[];1.74;1.84
Liga Pro (Rusia);1;g_25_lAfYWp2b;;2021-03-17 04:45:00;Pavlenko R. (Rus);Mikheev D. (Rus);0;0;[];3.5;1.23
Liga Pro (Rusia);1;g_25_z3vIUfLU;;2021-03-17 04:45:00;Slachshilin A. (Rus);Khomenko R. (Rus);0;0;[];1.78;1.78
Liga Pro (Rusia);1;g_25_lnx6XdyC;;2021-03-17 05:00:00;Nemashkalo V. (Rus);Malahov K. (Rus);0;0;[];2.7;1.33
Liga Pro (Rusia);1;g_25_ULBVV4H4;;2021-03-17 05:15:00;Afanasev I. (Rus);Kalashnikov E. (Rus);0;0;[];2.76;1.32
Liga Pro (Rusia);1;g_25_2ghMZnIu;;2021-03-17 05:15:00;Evlampiev V. (Rus);Buyanin I. (Rus);0;0;[];1.37;2.73
Liga Pro (Rusia);1;g_25_SxyAWGjI;;2021-03-17 05:30:00;Malahov K. (Rus);Zirin A. (Rus);0;0;[];1.12;4.35
Liga Pro (Rusia);1;g_25_GddQY6Xo;;2021-03-17 05:45:00;Buyanin I. (Rus);Khomenko R. (Rus);0;0;[];2.95;1.28
Liga Pro (Rusia);1;g_25_8CAZUOWA;;2021-03-17 05:45:00;Kalashnikov E. (Rus);Mikheev D. (Rus);0;0;[];1.44;2.35
Liga Pro (Rusia);1;g_25_dCuEVz6O;;2021-03-17 06:00:00;Kutin V. (Rus);Nemashkalo V. (Rus);0;0;[];1.44;2.35
Liga Pro (Rusia);1;g_25_2Z9wUrnH;;2021-03-17 06:15:00;Pavlenko R. (Rus);Afanasev I. (Rus);0;0;[];2.35;1.44
Liga Pro (Rusia);1;g_25_AJeUXQnh;;2021-03-17 06:15:00;Slachshilin A. (Rus);Evlampiev V. (Rus);0;0;[];3.6;1.19
Liga Pro (Rusia);1;g_25_COm66TWe;;2021-03-17 07:30:00;Anisimov E. (Rus);Yakovlev A. (Rus);0;0;[];1.9;1.67
Liga Pro (Rusia);1;g_25_4IzhUWO2;;2021-03-17 07:45:00;Tsybikov Z. (Rus);Kozlov A. (Rus);0;0;[];2.03;1.58
Liga Pro (Rusia);1;g_25_jFnA5mn2;;2021-03-17 08:00:00;Kolmin A. (Rus);Kulikov S. (Rus);0;0;[];2.03;1.58
Liga Pro (Rusia);1;g_25_SGs0opHi;;2021-03-17 08:15:00;Korneev D. (Rus);Kalachev V. (Rus);0;0;[];;
Liga Pro (Rusia);1;g_25_GxEsT21N;;2021-03-17 08:30:00;Yakovlev A. (Rus);Kolmin A. (Rus);0;0;[];1.25;3.1
Liga Pro (Rusia);1;g_25_AuX4p4Wc;;2021-03-17 08:45:00;Kozlov A. (Rus);Korneev D. (Rus);0;0;[];1.55;2.1
Liga Pro (Rusia);1;g_25_b13nSMGT;;2021-03-17 09:00:00;Kulikov S. (Rus);Anisimov E. (Rus);0;0;[];2.64;1.35
Liga Pro (Rusia);1;g_25_MFz9qOo4;;2021-03-17 09:15:00;Kalachev V. (Rus);Tsybikov Z. (Rus);0;0;[];1.44;2.35
Liga Pro (Rusia);1;g_25_0AkENtPp;;2021-03-17 09:30:00;Anisimov E. (Rus);Kolmin A. (Rus);0;0;[];1.21;3.4
Liga Pro (Rusia);1;g_25_GxzDrr1A;;2021-03-17 09:45:00;Tsybikov Z. (Rus);Korneev D. (Rus);0;0;[];1.58;2.03
Liga Pro (Rusia);1;g_25_lQrdnQ1o;;2021-03-17 10:00:00;Yakovlev A. (Rus);Kulikov S. (Rus);0;0;[];1.58;2.03
Liga Pro (Rusia);1;g_25_fTYGs2GG;;2021-03-17 10:15:00;Kozlov A. (Rus);Kalachev V. (Rus);0;0;[];1.78;1.78
Liga Pro (Rusia);1;g_25_ILvdTjv9;;2021-03-17 11:30:00;Kuzmin S. (Rus);Sadkov A. (Rus);0;0;[];;
Liga Pro (Rusia);1;g_25_AJJzM8Wr;;2021-03-17 11:45:00;Marshalov V. (Rus);Moshkov I. (Rus);0;0;[];;
Liga Pro (Rusia);1;g_25_vyT4RU8L;;2021-03-17 11:45:00;Shirokov V. (Rus);Innazarov A. (Rus);0;0;[];;
Liga Pro (Rusia);1;g_25_0pU0SAgF;;2021-03-17 12:00:00;Zemit I. (Rus);Chernov V. (Rus);0;0;[];;
Liga Pro (Rusia);1;g_25_hr9uLSok;;2021-03-17 12:15:00;Markelov E. (Rus);Petrochenko D. (Rus);0;0;[];;
Liga Pro (Rusia);1;g_25_8AX8QlOR;;2021-03-17 12:15:00;Petrov V. (Rus);Pinkovskii P. (Rus);0;0;[];;
Liga Pro (Rusia);1;g_25_C4TLtMVM;;2021-03-17 12:30:00;Sadkov A. (Rus);Zemit I. (Rus);0;0;[];;
Liga Pro (Rusia);1;g_25_Orcva3oi;;2021-03-17 12:45:00;Innazarov A. (Rus);Petrov V. (Rus);0;0;[];;
Liga Pro (Rusia);1;g_25_IPbfeLpG;;2021-03-17 12:45:00;Moshkov I. (Rus);Markelov E. (Rus);0;0;[];;
Liga Pro (Rusia);1;g_25_jeSPutoT;;2021-03-17 13:00:00;Chernov V. (Rus);Kuzmin S. (Rus);0;0;[];;
Liga Pro (Rusia);1;g_25_WS2bfu0M;;2021-03-17 13:15:00;Petrochenko D. (Rus);Marshalov V. (Rus);0;0;[];;
Liga Pro (Rusia);1;g_25_2ZerbN0c;;2021-03-17 13:15:00;Pinkovskii P. (Rus);Shirokov V. (Rus);0;0;[];;
Liga Pro (Rusia);1;g_25_8zFiy0gp;;2021-03-17 13:30:00;Kuzmin S. (Rus);Zemit I. (Rus);0;0;[];;
Liga Pro (Rusia);1;g_25_Qk22gaFS;;2021-03-17 13:45:00;Marshalov V. (Rus);Markelov E. (Rus);0;0;[];;
Liga Pro (Rusia);1;g_25_dAAocsG3;;2021-03-17 13:45:00;Shirokov V. (Rus);Petrov V. (Rus);0;0;[];;
Liga Pro (Rusia);1;g_25_MwJezK8j;;2021-03-17 14:00:00;Sadkov A. (Rus);Chernov V. (Rus);0;0;[];;
Liga Pro (Rusia);1;g_25_z19kd1V9;;2021-03-17 14:15:00;Innazarov A. (Rus);Pinkovskii P. (Rus);0;0;[];;
Liga Pro (Rusia);1;g_25_SblUlJNq;;2021-03-17 14:15:00;Moshkov I. (Rus);Petrochenko D. (Rus);0;0;[];;
Liga Pro (Rusia);1;g_25_4ICqKn1e;;2021-03-17 15:30:00;Pravednov A. (Rus);Zhurba N. (Rus);0;0;[];;
Liga Pro (Rusia);1;g_25_EmfzsA88;;2021-03-17 15:45:00;Chahur V. (Rus);Balakin D. (Rus);0;0;[];;
Liga Pro (Rusia);1;g_25_bsuAkjEf;;2021-03-17 15:45:00;Pavlenko R. (Rus);Merkushin Y. (Rus);0;0;[];;
Liga Pro (Rusia);1;g_25_buCmJ6G1;;2021-03-17 16:00:00;Shatilov T. (Rus);Petrov A. (Rus);0;0;[];;
Liga Pro (Rusia);1;g_25_CpqElAT0;;2021-03-17 16:15:00;Safonov V. (Rus);Kalashnikov E. (Rus);0;0;[];;
Liga Pro (Rusia);1;g_25_hvgvtUNE;;2021-03-17 16:15:00;Shirshov V. (Rus);Kutuzov O. (Rus);0;0;[];;
Liga Pro (Rusia);1;g_25_pzqZmwwj;;2021-03-17 16:30:00;Zhurba N. (Rus);Uezdin A. (Rus);0;0;[];;
Liga Pro (Rusia);1;g_25_GvRu39rf;;2021-03-17 16:45:00;Balakin D. (Rus);Ramensky I. (Rus);0;0;[];;
Liga Pro (Rusia);1;g_25_xWAiIQV7;;2021-03-17 16:45:00;Merkushin Y. (Rus);Volkov A. (Rus);0;0;[];;
Liga Pro (Rusia);1;g_25_OQswmchd;;2021-03-17 17:00:00;Pravednov A. (Rus);Shatilov T. (Rus);0;0;[];;
Liga Pro (Rusia);1;g_25_pEVq2Tc0;;2021-03-17 17:15:00;Chahur V. (Rus);Shirshov V. (Rus);0;0;[];;
Liga Pro (Rusia);1;g_25_67rImUr7;;2021-03-17 17:15:00;Pavlenko R. (Rus);Safonov V. (Rus);0;0;[];;
Liga Pro (Rusia);1;g_25_xUVKBtVd;;2021-03-17 17:30:00;Uezdin A. (Rus);Petrov A. (Rus);0;0;[];;
Liga Pro (Rusia);1;g_25_O4Um1mD6;;2021-03-17 17:45:00;Ramensky I. (Rus);Kutuzov O. (Rus);0;0;[];;
Liga Pro (Rusia);1;g_25_pbsMnlbD;;2021-03-17 17:45:00;Volkov A. (Rus);Kalashnikov E. (Rus);0;0;[];;
Liga Pro (Rusia);1;g_25_l4ZOA0p3;;2021-03-17 18:00:00;Zhurba N. (Rus);Shatilov T. (Rus);0;0;[];;
Liga Pro (Rusia);1;g_25_6TJh07SC;;2021-03-17 18:15:00;Balakin D. (Rus);Shirshov V. (Rus);0;0;[];;
Liga Pro (Rusia);1;g_25_pjmcBXzE;;2021-03-17 18:15:00;Merkushin Y. (Rus);Safonov V. (Rus);0;0;[];;
Liga Pro (Rusia);1;g_25_WSOT9Ka9;;2021-03-17 18:30:00;Petrov A. (Rus);Pravednov A. (Rus);0;0;[];;
Liga Pro (Rusia);1;g_25_Otn1AijK;;2021-03-17 18:45:00;Kalashnikov E. (Rus);Pavlenko R. (Rus);0;0;[];;
Liga Pro (Rusia);1;g_25_4ExdaRsJ;;2021-03-17 18:45:00;Kutuzov O. (Rus);Chahur V. (Rus);0;0;[];;
Liga Pro (Rusia);1;g_25_AJNX8vFF;;2021-03-17 19:00:00;Shatilov T. (Rus);Uezdin A. (Rus);0;0;[];;
Liga Pro (Rusia);1;g_25_I3o59B5Q;;2021-03-17 19:15:00;Safonov V. (Rus);Volkov A. (Rus);0;0;[];;
Liga Pro (Rusia);1;g_25_IHQwOAKJ;;2021-03-17 19:15:00;Shirshov V. (Rus);Ramensky I. (Rus);0;0;[];;
Liga Pro (Rusia);1;g_25_xSj1iCqr;;2021-03-17 19:30:00;Petrov A. (Rus);Zhurba N. (Rus);0;0;[];;
Liga Pro (Rusia);1;g_25_fPxX4VDs;;2021-03-17 19:45:00;Kalashnikov E. (Rus);Merkushin Y. (Rus);0;0;[];;
Liga Pro (Rusia);1;g_25_d8PsNUZP;;2021-03-17 19:45:00;Kutuzov O. (Rus);Balakin D. (Rus);0;0;[];;
Liga Pro (Rusia);1;g_25_GIk5jWbl;;2021-03-17 20:00:00;Uezdin A. (Rus);Pravednov A. (Rus);0;0;[];;
Liga Pro (Rusia);1;g_25_x27AIlrs;;2021-03-17 20:15:00;Ramensky I. (Rus);Chahur V. (Rus);0;0;[];;
Liga Pro (Rusia);1;g_25_xlSy4kTm;;2021-03-17 20:15:00;Volkov A. (Rus);Pavlenko R. (Rus);0;0;[];;
Setka Cup (Mundial);1;g_25_6wyJrp1f;Finalizado;2021-03-17 00:00:00;Chornobab V. (Ukr);Ivashkin O. (Ukr);3;2;[{'home': 3, 'away': 11}, {'home': 8, 'away': 11}, {'home': 11, 'away': 9}, {'home': 13, 'away': 11}, {'home': 11, 'away': 9}];1.35;2.64
Setka Cup (Mundial);1;g_25_v5j9fQhI;Finalizado;2021-03-17 00:00:00;Tebenko Y. (Ukr);Daragan S. (Ukr);3;1;[{'home': 7, 'away': 11}, {'home': 11, 'away': 6}, {'home': 11, 'away': 5}, {'home': 12, 'away': 10}];1.24;3.2
Setka Cup (Mundial);1;g_25_fHQr8U4R;Finalizado;2021-03-17 00:00:00;Pysar D. (Ukr);Kalachevskyi D. (Ukr);1;3;[{'home': 8, 'away': 11}, {'home': 8, 'away': 11}, {'home': 14, 'away': 12}, {'home': 2, 'away': 11}];1.09;5.6
Setka Cup (Mundial);1;g_25_hCh9Okk8;Finalizado;2021-03-17 00:00:00;Hrosov D. (Ukr);Shyriaiev V. (Ukr);2;3;[{'home': 11, 'away': 8}, {'home': 11, 'away': 7}, {'home': 8, 'away': 11}, {'home': 7, 'away': 11}, {'home': 6, 'away': 11}];3.2;1.24
Setka Cup (Mundial);1;g_25_p27osEDH;Finalizado;2021-03-17 00:00:00;Havryliuk B. (Ukr);Skorobahatyi Y. (Ukr);0;3;[{'home': 8, 'away': 11}, {'home': 6, 'away': 11}, {'home': 4, 'away': 11}];2.7;1.38
Setka Cup (Mundial);1;g_25_IekDgp8O;Finalizado;2021-03-17 00:00:00;Pyrtyk B. (Ukr);Urban M. (Ukr);0;3;[{'home': 0, 'away': 11}, {'home': 10, 'away': 12}, {'home': 11, 'away': 13}];;
Setka Cup (Mundial);1;g_25_rsBI1Sse;Finalizado;2021-03-17 00:00:00;Yurenev O. (Ukr);Yatsenko S. (Ukr);0;3;[{'home': 5, 'away': 11}, {'home': 8, 'away': 11}, {'home': 9, 'away': 11}];2.5;1.38
Setka Cup (Mundial);1;g_25_dQCA3lDr;Finalizado;2021-03-17 00:00:00;Ratushniak V. (Ukr);Zholubak M. (Ukr);3;2;[{'home': 11, 'away': 3}, {'home': 7, 'away': 11}, {'home': 9, 'away': 11}, {'home': 11, 'away': 9}, {'home': 11, 'away': 8}];1.16;3.85
Setka Cup (Mundial);1;g_25_W2iDN94E;Finalizado;2021-03-17 00:00:00;Lukianevych V. (Ukr);Khoroshun O. (Ukr);1;3;[{'home': 3, 'away': 11}, {'home': 11, 'away': 9}, {'home': 2, 'away': 11}, {'home': 6, 'away': 11}];2.5;1.38
Setka Cup (Mundial);1;g_25_Oh6ktYSN;Finalizado;2021-03-17 00:00:00;Bereza V. (Ukr);Mytsyk A. (Ukr);3;0;[{'home': 11, 'away': 6}, {'home': 11, 'away': 3}, {'home': 11, 'away': 6}];;
Setka Cup (Mundial);1;g_25_Q50N0nc1;Finalizado;2021-03-17 00:00:00;Pereguda O. (Ukr);Hries V. (Ukr);3;2;[{'home': 11, 'away': 9}, {'home': 8, 'away': 11}, {'home': 12, 'away': 10}, {'home': 4, 'away': 11}, {'home': 11, 'away': 5}];2.35;1.44
Setka Cup (Mundial);1;g_25_nkWSgicN;5ยบ Set;2021-03-17 00:00:00;Kasianyk N. (Ukr);Kolos Y. (Ukr);2;2;[{'home': 11, 'away': 6}, {'home': 9, 'away': 11}, {'home': 10, 'away': 12}, {'home': 11, 'away': 5}, {'home': 10, 'away': 8}];;
Setka Cup (Mundial);1;g_25_6BreITpP;Finalizado;2021-03-17 00:00:00;Salo V. (Ukr);Hlaholev M. (Ukr);0;3;[{'home': 5, 'away': 11}, {'home': 6, 'away': 11}, {'home': 12, 'away': 14}];;
Setka Cup (Mundial);1;g_25_bo3g8Xa3;Finalizado;2021-03-17 00:00:00;Kovalchuk O. (Ukr);Mishchenko O. (Ukr);3;1;[{'home': 11, 'away': 5}, {'home': 9, 'away': 11}, {'home': 11, 'away': 9}, {'home': 11, 'away': 7}];;
Setka Cup (Mundial);1;g_25_CfYZocGq;3er Set;2021-03-17 00:00:00;Ruzicka J. (Cze);Filipek M. (Cze);1;1;[{'home': 8, 'away': 11}, {'home': 11, 'away': 8}, {'home': 5, 'away': 7}];;
Setka Cup (Mundial);1;g_25_4jCE28Sl;2ยบ Set;2021-03-17 00:00:00;Rybka A. (Ukr);Omelchuk I. (Ukr);1;0;[{'home': 12, 'away': 10}, {'home': 6, 'away': 3}];1.52;2.28
Setka Cup (Mundial);1;g_25_lvnIMTJK;3er Set;2021-03-17 00:00:00;Syvych V. (Ukr);Sotnikov E. (Ukr);0;2;[{'home': 5, 'away': 11}, {'home': 9, 'away': 11}, {'home': 0, 'away': 5}];1.9;1.67
Setka Cup (Mundial);1;g_25_tU0fuhrU;1er Set;2021-03-17 02:10:00;Kolesnykov V. (Ukr);Skorobahatyi Y. (Ukr);0;0;[{'home': 10, 'away': 11}];;
Setka Cup (Mundial);1;g_25_v94Ra6C7;;2021-03-17 02:15:00;Yakimenko S. (Ukr);Chyzh V. (Ukr);0;0;[];2.17;1.52
Setka Cup (Mundial);1;g_25_0hzXhBCT;;2021-03-17 02:20:00;Parnyvoda I. (Ukr);Makhotin V. (Ukr);0;0;[];;
Setka Cup (Mundial);1;g_25_8KUMDmgt;;2021-03-17 02:20:00;Tebenko Y. (Ukr);Urban M. (Ukr);0;0;[];1.35;2.82
Setka Cup (Mundial);1;g_25_h82c7iF9;;2021-03-17 02:25:00;Tkachov S. (Ukr);Dukhovenko O. (Ukr);0;0;[];;
Setka Cup (Mundial);1;g_25_AoAEvLiJ;;2021-03-17 02:30:00;Prusa M. (Cze);Pasek D. (Cze);0;0;[];;
Setka Cup (Mundial);1;g_25_MPLFRF1H;;2021-03-17 02:30:00;Pysar D. (Ukr);Zholubak M. (Ukr);0;0;[];1.09;5.6
Setka Cup (Mundial);1;g_25_G2iLa0D0;;2021-03-17 02:35:00;Hrosov D. (Ukr);Khoroshun O. (Ukr);0;0;[];3.45;1.21
Setka Cup (Mundial);1;g_25_rwmMzCjo;;2021-03-17 02:40:00;Havryliuk B. (Ukr);Bereza V. (Ukr);0;0;[];;
Setka Cup (Mundial);1;g_25_YozXXjOj;;2021-03-17 02:45:00;Yurenev O. (Ukr);Hries V. (Ukr);0;0;[];2.03;1.58
Setka Cup (Mundial);1;g_25_jqKRC78n;;2021-03-17 02:50:00;Hlaholev M. (Ukr);Daragan S. (Ukr);0;0;[];;
Setka Cup (Mundial);1;g_25_IXMblVKp;;2021-03-17 02:50:00;Kasianyk N. (Ukr);Makhotin V. (Ukr);0;0;[];;
Setka Cup (Mundial);1;g_25_6B616BUF;;2021-03-17 02:55:00;Chepurnyi A. (Ukr);Kyi Y. (Ukr);0;0;[];;
Setka Cup (Mundial);1;g_25_0GKJQZGN;;2021-03-17 03:00:00;Omelchuk I. (Ukr);Kalachevskyi D. (Ukr);0;0;[];1.38;2.5
Setka Cup (Mundial);1;g_25_fJNvoHVk;;2021-03-17 03:00:00;Ruzicka J. (Cze);Pasek D. (Cze);0;0;[];;
Setka Cup (Mundial);1;g_25_fgjPbKS6;;2021-03-17 03:05:00;Sotnikov E. (Ukr);Shyriaiev V. (Ukr);0;0;[];2.17;1.52
Setka Cup (Mundial);1;g_25_dty4aeTo;;2021-03-17 03:10:00;Kolesnykov V. (Ukr);Mytsyk A. (Ukr);0;0;[];1.63;2.08
Setka Cup (Mundial);1;g_25_nkOEdz1i;;2021-03-17 03:15:00;Chyzh V. (Ukr);Yatsenko S. (Ukr);0;0;[];1.52;2.17
Setka Cup (Mundial);1;g_25_dr6Au1xD;;2021-03-17 03:20:00;Parnyvoda I. (Ukr);Kolos Y. (Ukr);0;0;[];;
Setka Cup (Mundial);1;g_25_4nOVBRNh;;2021-03-17 03:20:00;Pyrtyk B. (Ukr);Salo V. (Ukr);0;0;[];;
Setka Cup (Mundial);1;g_25_lzd65VqM;;2021-03-17 03:25:00;Kovalchuk O. (Ukr);Dukhovenko O. (Ukr);0;0;[];;
Setka Cup (Mundial);1;g_25_8MRrpyod;;2021-03-17 03:30:00;Prusa M. (Cze);Filipek M. (Cze);0;0;[];;
Setka Cup (Mundial);1;g_25_WbBkLDvo;;2021-03-17 03:30:00;Ratushniak V. (Ukr);Rybka A. (Ukr);0;0;[];1.52;2.28
Setka Cup (Mundial);1;g_25_2JkTcvrD;;2021-03-17 03:35:00;Lukianevych V. (Ukr);Syvych V. (Ukr);0;0;[];1.68;1.88
Setka Cup (Mundial);1;g_25_Aqu8bFrh;;2021-03-17 03:40:00;Bereza V. (Ukr);Skorobahatyi Y. (Ukr);0;0;[];1.7;1.96
Setka Cup (Mundial);1;g_25_bPRIefGc;;2021-03-17 03:45:00;Pereguda O. (Ukr);Yakimenko S. (Ukr);0;0;[];1.9;1.67
Setka Cup (Mundial);1;g_25_dOL2mkzi;;2021-03-17 03:50:00;Kasianyk N. (Ukr);Parnyvoda I. (Ukr);0;0;[];;
Setka Cup (Mundial);1;g_25_b9NZAowa;;2021-03-17 03:50:00;Tebenko Y. (Ukr);Hlaholev M. (Ukr);0;0;[];1.35;2.82
Setka Cup (Mundial);1;g_25_SQfA4kaS;;2021-03-17 03:55:00;Kyi Y. (Ukr);Mishchenko O. (Ukr);0;0;[];;
Setka Cup (Mundial);1;g_25_Y3kYqcHo;;2021-03-17 04:00:00;Pysar D. (Ukr);Omelchuk I. (Ukr);0;0;[];1.07;5.4
Setka Cup (Mundial);1;g_25_MPFQ8KNd;;2021-03-17 04:00:00;Ruzicka J. (Cze);Prusa M. (Cze);0;0;[];;
Setka Cup (Mundial);1;g_25_tAlXdbcJ;;2021-03-17 04:05:00;Hrosov D. (Ukr);Sotnikov E. (Ukr);0;0;[];2.64;1.35
Setka Cup (Mundial);1;g_25_h8UCcZcb;;2021-03-17 04:10:00;Havryliuk B. (Ukr);Mytsyk A. (Ukr);0;0;[];;
Setka Cup (Mundial);1;g_25_tlHNfEV3;;2021-03-17 04:15:00;Yurenev O. (Ukr);Chyzh V. (Ukr);0;0;[];1.58;2.03
Setka Cup (Mundial);1;g_25_z9iqdsvi;;2021-03-17 04:20:00;Makhotin V. (Ukr);Kolos Y. (Ukr);0;0;[];;
Setka Cup (Mundial);1;g_25_x0MwA5h5;;2021-03-17 04:20:00;Salo V. (Ukr);Urban M. (Ukr);0;0;[];;
Setka Cup (Mundial);1;g_25_KInx097q;;2021-03-17 04:25:00;Tkachov S. (Ukr);Chepurnyi A. (Ukr);0;0;[];;
Setka Cup (Mundial);1;g_25_0GEU7vw3;;2021-03-17 04:30:00;Pasek D. (Cze);Filipek M. (Cze);0;0;[];;
Setka Cup (Mundial);1;g_25_CflxqHWi;;2021-03-17 04:30:00;Rybka A. (Ukr);Zholubak M. (Ukr);0;0;[];1.38;2.5
Setka Cup (Mundial);1;g_25_prFD5j1J;;2021-03-17 04:35:00;Syvych V. (Ukr);Khoroshun O. (Ukr);0;0;[];2.5;1.38
Setka Cup (Mundial);1;g_25_WbTGdgD4;;2021-03-17 04:40:00;Kolesnykov V. (Ukr);Bereza V. (Ukr);0;0;[];1.55;2.22
Setka Cup (Mundial);1;g_25_KvGRgYpA;;2021-03-17 04:45:00;Yakimenko S. (Ukr);Hries V. (Ukr);0;0;[];2.23;1.48
Setka Cup (Mundial);1;g_25_Eajme1gc;;2021-03-17 04:50:00;Parnyvoda I. (Ukr);Kasianyk N. (Ukr);0;0;[];;
Setka Cup (Mundial);1;g_25_4Mhz9P7B;;2021-03-17 04:50:00;Pyrtyk B. (Ukr);Daragan S. (Ukr);0;0;[];;
Setka Cup (Mundial);1;g_25_b9otaTMk;;2021-03-17 04:55:00;Kovalchuk O. (Ukr);Kyi Y. (Ukr);0;0;[];;
Setka Cup (Mundial);1;g_25_6V2urynb;;2021-03-17 05:00:00;Ratushniak V. (Ukr);Kalachevskyi D. (Ukr);0;0;[];1.67;2.02
Setka Cup (Mundial);1;g_25_boJH4AGP;;2021-03-17 05:05:00;Lukianevych V. (Ukr);Shyriaiev V. (Ukr);0;0;[];2.76;1.32
Setka Cup (Mundial);1;g_25_QZsKeDSA;;2021-03-17 05:10:00;Mytsyk A. (Ukr);Skorobahatyi Y. (Ukr);0;0;[];1.88;1.78
Setka Cup (Mundial);1;g_25_lEKVhh0G;;2021-03-17 05:15:00;Pereguda O. (Ukr);Yatsenko S. (Ukr);0;0;[];1.52;2.17
Setka Cup (Mundial);1;g_25_8MkifL83;;2021-03-17 05:20:00;Kolos Y. (Ukr);Makhotin V. (Ukr);0;0;[];;
Setka Cup (Mundial);1;g_25_rDiv8qNH;;2021-03-17 05:20:00;Tebenko Y. (Ukr);Salo V. (Ukr);0;0;[];1.14;4.6
Setka Cup (Mundial);1;g_25_tYzobmxd;;2021-03-17 05:25:00;Chepurnyi A. (Ukr);Dukhovenko O. (Ukr);0;0;[];;
Setka Cup (Mundial);1;g_25_pM1qse14;;2021-03-17 05:30:00;Pysar D. (Ukr);Rybka A. (Ukr);0;0;[];1.07;5.4
Setka Cup (Mundial);1;g_25_GQ5q0UOt;;2021-03-17 05:35:00;Hrosov D. (Ukr);Syvych V. (Ukr);0;0;[];2.64;1.35
Setka Cup (Mundial);1;g_25_4QtOfXsH;;2021-03-17 05:40:00;Kolesnykov V. (Ukr);Havryliuk B. (Ukr);0;0;[];3.0;1.3
Setka Cup (Mundial);1;g_25_S4JZiCFM;;2021-03-17 05:45:00;Yurenev O. (Ukr);Yakimenko S. (Ukr);0;0;[];1.35;2.64
Setka Cup (Mundial);1;g_25_KdgeguO9;;2021-03-17 05:50:00;Kolos Y. (Ukr);Parnyvoda I. (Ukr);0;0;[];;
Setka Cup (Mundial);1;g_25_xzir73xO;;2021-03-17 05:50:00;Pyrtyk B. (Ukr);Hlaholev M. (Ukr);0;0;[];;
Setka Cup (Mundial);1;g_25_vJglc7i2;;2021-03-17 05:55:00;Tkachov S. (Ukr);Mishchenko O. (Ukr);0;0;[];;
Setka Cup (Mundial);1;g_25_IkGUpdEh;;2021-03-17 06:00:00;Beran T. (Cze);Nemec F. G. (Cze);0;0;[];;
Setka Cup (Mundial);1;g_25_SpiltFGA;;2021-03-17 06:00:00;Ratushniak V. (Ukr);Omelchuk I. (Ukr);0;0;[];1.78;1.78
Setka Cup (Mundial);1;g_25_fH4malvm;;2021-03-17 06:05:00;Lukianevych V. (Ukr);Sotnikov E. (Ukr);0;0;[];1.52;2.17
Setka Cup (Mundial);1;g_25_AT8viWUS;;2021-03-17 06:15:00;Pereguda O. (Ukr);Chyzh V. (Ukr);0;0;[];1.44;2.35
Setka Cup (Mundial);1;g_25_2Lr0hawG;;2021-03-17 06:20:00;Makhotin V. (Ukr);Kasianyk N. (Ukr);0;0;[];;
Setka Cup (Mundial);1;g_25_jwen6NiU;;2021-03-17 06:20:00;Urban M. (Ukr);Daragan S. (Ukr);0;0;[];;
Setka Cup (Mundial);1;g_25_hMsWLjU2;;2021-03-17 06:25:00;Kovalchuk O. (Ukr);Chepurnyi A. (Ukr);0;0;[];;
Setka Cup (Mundial);1;g_25_dtFYqGTb;;2021-03-17 06:30:00;Ezr V. (Cze);Maruniak D. (Cze);0;0;[];;
Setka Cup (Mundial);1;g_25_tlehuZVG;;2021-03-17 06:30:00;Zholubak M. (Ukr);Kalachevskyi D. (Ukr);0;0;[];2.13;1.54
Setka Cup (Mundial);1;g_25_Chahb8gg;;2021-03-17 06:35:00;Khoroshun O. (Ukr);Shyriaiev V. (Ukr);0;0;[];1.58;2.03
Setka Cup (Mundial);1;g_25_nk06njwp;;2021-03-17 06:45:00;Hries V. (Ukr);Yatsenko S. (Ukr);0;0;[];1.48;2.23
Setka Cup (Mundial);1;g_25_tCs4iJhM;;2021-03-17 06:50:00;Kolos Y. (Ukr);Kasianyk N. (Ukr);0;0;[];;
Setka Cup (Mundial);1;g_25_G0MhR6Nu;;2021-03-17 06:50:00;Tebenko Y. (Ukr);Pyrtyk B. (Ukr);0;0;[];1.19;3.95
Setka Cup (Mundial);1;g_25_WCtzLAq9;;2021-03-17 06:55:00;Tkachov S. (Ukr);Kyi Y. (Ukr);0;0;[];;
Setka Cup (Mundial);1;g_25_YPA6aGpq;;2021-03-17 07:00:00;Beran T. (Cze);Maruniak D. (Cze);0;0;[];;
Setka Cup (Mundial);1;g_25_zBfdvgoN;;2021-03-17 07:00:00;Pysar D. (Ukr);Ratushniak V. (Ukr);0;0;[];1.02;7.1
Setka Cup (Mundial);1;g_25_jqbdcS8a;;2021-03-17 07:05:00;Hrosov D. (Ukr);Lukianevych V. (Ukr);0;0;[];2.64;1.35
Setka Cup (Mundial);1;g_25_tCaAoAhj;;2021-03-17 07:15:00;Yurenev O. (Ukr);Pereguda O. (Ukr);0;0;[];2.23;1.48
Setka Cup (Mundial);1;g_25_Aon8jw8S;;2021-03-17 07:20:00;Makhotin V. (Ukr);Parnyvoda I. (Ukr);0;0;[];;
Setka Cup (Mundial);1;g_25_fiLdQQxn;;2021-03-17 07:20:00;Salo V. (Ukr);Daragan S. (Ukr);0;0;[];;
Setka Cup (Mundial);1;g_25_llyuKUbF;;2021-03-17 07:25:00;Dukhovenko O. (Ukr);Mishchenko O. (Ukr);0;0;[];;
Setka Cup (Mundial);1;g_25_CG9Abz0k;;2021-03-17 07:30:00;Ezr V. (Cze);Nemec F. G. (Cze);0;0;[];;
Setka Cup (Mundial);1;g_25_E1g0wD0T;;2021-03-17 07:30:00;Rybka A. (Ukr);Kalachevskyi D. (Ukr);0;0;[];1.55;2.1
Setka Cup (Mundial);1;g_25_p6c0dnO5;;2021-03-17 07:35:00;Syvych V. (Ukr);Shyriaiev V. (Ukr);0;0;[];2.76;1.32
Setka Cup (Mundial);1;g_25_K2bEpU7d;;2021-03-17 07:45:00;Yakimenko S. (Ukr);Yatsenko S. (Ukr);0;0;[];1.16;3.85
Setka Cup (Mundial);1;g_25_OQP0Pphh;;2021-03-17 07:50:00;Hlaholev M. (Ukr);Urban M. (Ukr);0;0;[];;
Setka Cup (Mundial);1;g_25_QDb822Ts;;2021-03-17 07:55:00;Kovalchuk O. (Ukr);Tkachov S. (Ukr);0;0;[];;
Setka Cup (Mundial);1;g_25_tjEEcfFe;;2021-03-17 08:00:00;Beran T. (Cze);Ezr V. (Cze);0;0;[];;
Setka Cup (Mundial);1;g_25_feyTYW8p;;2021-03-17 08:00:00;Omelchuk I. (Ukr);Zholubak M. (Ukr);0;0;[];1.16;3.85
Setka Cup (Mundial);1;g_25_dt14e6wC;;2021-03-17 08:05:00;Sotnikov E. (Ukr);Khoroshun O. (Ukr);0;0;[];2.5;1.38
Setka Cup (Mundial);1;g_25_Kf4k9Dpc;;2021-03-17 08:15:00;Chyzh V. (Ukr);Hries V. (Ukr);0;0;[];1.44;2.35
Setka Cup (Mundial);1;g_25_boyjXJXu;;2021-03-17 08:20:00;Kulynych M. (Ukr);Potapov M. (Ukr);0;0;[];;
Setka Cup (Mundial);1;g_25_KzbC1Mrl;;2021-03-17 08:25:00;Chepurnyi A. (Ukr);Mishchenko O. (Ukr);0;0;[];;
Setka Cup (Mundial);1;g_25_SUpMLmZQ;;2021-03-17 08:30:00;Martyniuk A. (Ukr);Lymarenko O. (Ukr);0;0;[];;
Setka Cup (Mundial);1;g_25_KtDIdEU1;;2021-03-17 08:30:00;Maruniak D. (Cze);Nemec F. G. (Cze);0;0;[];;
Setka Cup (Mundial);1;g_25_jsVZQrB6;;2021-03-17 08:35:00;Kuprykov S. (Ukr);Pereyaslavsky D. (Ukr);0;0;[];1.27;3.25
Setka Cup (Mundial);1;g_25_QJudFoCf;;2021-03-17 08:40:00;Kolbasenko O. (Ukr);Yurkov A. (Ukr);0;0;[];2.1;1.55
Setka Cup (Mundial);1;g_25_SrQfzmlK;;2021-03-17 08:45:00;Semenenko V. (Ukr);Podolian A. (Ukr);0;0;[];1.55;2.1
Setka Cup (Mundial);1;g_25_xxzfWwmn;;2021-03-17 08:50:00;Hordiichuk O. (Ukr);Sheremeta V. (Ukr);0;0;[];;
Setka Cup (Mundial);1;g_25_Yw2G0tbf;;2021-03-17 08:55:00;Kyi Y. (Ukr);Dukhovenko O. (Ukr);0;0;[];1.83;1.83
Setka Cup (Mundial);1;g_25_pAXmH7sr;;2021-03-17 09:00:00;Sydoruk A. (Ukr);Kozlov D. (Ukr);0;0;[];1.35;2.64
Setka Cup (Mundial);1;g_25_Y5KvQ2QC;;2021-03-17 09:05:00;Bonishchuk T. (Ukr);Reva Y. (Ukr);0;0;[];3.85;1.16
Setka Cup (Mundial);1;g_25_4Av0E5R0;;2021-03-17 09:10:00;Nazarov A. (Ukr);Paniotov A. (Ukr);0;0;[];1.32;2.76
Setka Cup (Mundial);1;g_25_M5PbZ63Q;;2021-03-17 09:15:00;Ponomarenko O. (Ukr);Antonenko V. (Ukr);0;0;[];2.17;1.52
Setka Cup (Mundial);1;g_25_K0PbVc2h;;2021-03-17 09:20:00;Chulanov V. (Ukr);Studinikin M. (Ukr);0;0;[];;
Setka Cup (Mundial);1;g_25_4QSNTpRm;;2021-03-17 09:25:00;Chelpanov S. (Ukr);Makarenko R. (Ukr);0;0;[];3.2;1.24
Setka Cup (Mundial);1;g_25_rejiGRdl;;2021-03-17 09:30:00;Levytskyi V. (Ukr);Antonyan A. (Ukr);0;0;[];2.03;1.58
Setka Cup (Mundial);1;g_25_CdJrPMuJ;;2021-03-17 09:35:00;Yushko R. (Ukr);Onykyienko V. (Ukr);0;0;[];1.38;2.5
Setka Cup (Mundial);1;g_25_Yqq4DPt7;;2021-03-17 09:40:00;Sklyarenko A. (Ukr);Lazuryk D. (Ukr);0;0;[];2.23;1.48
Setka Cup (Mundial);1;g_25_OEBQUQBs;;2021-03-17 09:45:00;Semenets S. (Ukr);Goncharuk O. (Ukr);0;0;[];1.58;2.03
Setka Cup (Mundial);1;g_25_dzWLXN22;;2021-03-17 09:50:00;Kulynych M. (Ukr);Sheremeta V. (Ukr);0;0;[];;
Setka Cup (Mundial);1;g_25_rHRRS4tf;;2021-03-17 09:55:00;Hnoievoi R. (Ukr);Kolesnik Y. (Ukr);0;0;[];2.35;1.44
Setka Cup (Mundial);1;g_25_v54wqzq5;;2021-03-17 10:00:00;Kudrna J. (Cze);Holan J. (Cze);0;0;[];;
Setka Cup (Mundial);1;g_25_2HO4O47b;;2021-03-17 10:00:00;Martyniuk A. (Ukr);Kozlov D. (Ukr);0;0;[];1.44;2.35
Setka Cup (Mundial);1;g_25_dx1l6HhN;;2021-03-17 10:05:00;Kuprykov S. (Ukr);Reva Y. (Ukr);0;0;[];2.95;1.28
Setka Cup (Mundial);1;g_25_OjyeZLLG;;2021-03-17 10:10:00;Kolbasenko O. (Ukr);Paniotov A. (Ukr);0;0;[];1.44;2.35
Setka Cup (Mundial);1;g_25_UPJyrj4l;;2021-03-17 10:15:00;Semenenko V. (Ukr);Antonenko V. (Ukr);0;0;[];1.35;2.64
Setka Cup (Mundial);1;g_25_h2PUV1XE;;2021-03-17 10:20:00;Studinikin M. (Ukr);Potapov M. (Ukr);0;0;[];;
Setka Cup (Mundial);1;g_25_xvRVROe0;;2021-03-17 10:25:00;Rehotun D. (Ukr);Bondarenko S. (Ukr);0;0;[];2.95;1.28
Setka Cup (Mundial);1;g_25_ptE9NOM4;;2021-03-17 10:30:00;Antonyan A. (Ukr);Lymarenko O. (Ukr);0;0;[];;
Setka Cup (Mundial);1;g_25_ju8srfbB;;2021-03-17 10:30:00;Krames J. (Cze);Dvorak P. (Cze);0;0;[];;
Setka Cup (Mundial);1;g_25_vc4D0eGp;;2021-03-17 10:35:00;Onykyienko V. (Ukr);Pereyaslavsky D. (Ukr);0;0;[];2.08;1.63
Setka Cup (Mundial);1;g_25_4lkPHgjq;;2021-03-17 10:40:00;Lazuryk D. (Ukr);Yurkov A. (Ukr);0;0;[];1.44;2.35
Setka Cup (Mundial);1;g_25_Cl9tsAJf;;2021-03-17 10:45:00;Goncharuk O. (Ukr);Podolian A. (Ukr);0;0;[];1.78;1.78
Setka Cup (Mundial);1;g_25_QFNxUu2R;;2021-03-17 10:50:00;Hordiichuk O. (Ukr);Chulanov V. (Ukr);0;0;[];;
Setka Cup (Mundial);1;g_25_QVRLEluQ;;2021-03-17 10:55:00;Chelpanov S. (Ukr);Kolesnik Y. (Ukr);0;0;[];2.03;1.58
Setka Cup (Mundial);1;g_25_Moi1Lc72;;2021-03-17 11:00:00;Kudrna J. (Cze);Dvorak P. (Cze);0;0;[];;
Setka Cup (Mundial);1;g_25_dGHDMrxB;;2021-03-17 11:00:00;Sydoruk A. (Ukr);Levytskyi V. (Ukr);0;0;[];1.58;2.03
Setka Cup (Mundial);1;g_25_Im3HaFVj;;2021-03-17 11:05:00;Bonishchuk T. (Ukr);Yushko R. (Ukr);0;0;[];2.23;1.48
Setka Cup (Mundial);1;g_25_IigTGD5k;;2021-03-17 11:10:00;Nazarov A. (Ukr);Sklyarenko A. (Ukr);0;0;[];1.58;2.03
Setka Cup (Mundial);1;g_25_ju8ptUY0;;2021-03-17 11:15:00;Ponomarenko O. (Ukr);Semenets S. (Ukr);0;0;[];1.9;1.67
Setka Cup (Mundial);1;g_25_08E4PaAr;;2021-03-17 11:20:00;Kulynych M. (Ukr);Studinikin M. (Ukr);0;0;[];;
Setka Cup (Mundial);1;g_25_WC4lA8ms;;2021-03-17 11:25:00;Bondarenko S. (Ukr);Makarenko R. (Ukr);0;0;[];1.35;2.64
Setka Cup (Mundial);1;g_25_KW94KHM8;;2021-03-17 11:30:00;Krames J. (Cze);Holan J. (Cze);0;0;[];;
Setka Cup (Mundial);1;g_25_jwHHL2iH;;2021-03-17 11:30:00;Martyniuk A. (Ukr);Antonyan A. (Ukr);0;0;[];1.78;1.78
Setka Cup (Mundial);1;g_25_pfe3NINc;;2021-03-17 11:35:00;Kuprykov S. (Ukr);Onykyienko V. (Ukr);0;0;[];1.84;1.74
Setka Cup (Mundial);1;g_25_CEhXFXKe;;2021-03-17 11:40:00;Kolbasenko O. (Ukr);Lazuryk D. (Ukr);0;0;[];1.78;1.78
Setka Cup (Mundial);1;g_25_b5Bhv83D;;2021-03-17 11:45:00;Semenenko V. (Ukr);Goncharuk O. (Ukr);0;0;[];1.78;1.78
Setka Cup (Mundial);1;g_25_rX39OJPl;;2021-03-17 11:50:00;Chulanov V. (Ukr);Sheremeta V. (Ukr);0;0;[];;
Setka Cup (Mundial);1;g_25_pG8h9S2m;;2021-03-17 11:55:00;Hnoievoi R. (Ukr);Rehotun D. (Ukr);0;0;[];1.58;2.03
Setka Cup (Mundial);1;g_25_Eg98JyxF;;2021-03-17 12:00:00;Kudrna J. (Cze);Krames J. (Cze);0;0;[];;
Setka Cup (Mundial);1;g_25_UTFLKM6N;;2021-03-17 12:00:00;Levytskyi V. (Ukr);Kozlov D. (Ukr);0;0;[];1.78;1.78
Setka Cup (Mundial);1;g_25_zqlGKG7G;;2021-03-17 12:05:00;Yushko R. (Ukr);Reva Y. (Ukr);0;0;[];2.35;1.44
Setka Cup (Mundial);1;g_25_j5iyFiz2;;2021-03-17 12:10:00;Sklyarenko A. (Ukr);Paniotov A. (Ukr);0;0;[];2.1;1.55
Setka Cup (Mundial);1;g_25_Cpgu2BeK;;2021-03-17 12:15:00;Semenets S. (Ukr);Antonenko V. (Ukr);0;0;[];1.9;1.67
Setka Cup (Mundial);1;g_25_MN2DNwue;;2021-03-17 12:20:00;Hordiichuk O. (Ukr);Potapov M. (Ukr);0;0;[];;
Setka Cup (Mundial);1;g_25_Czr8CqdD;;2021-03-17 12:20:00;Oleskevych O. (Ukr);Zaporozhets O. (Ukr);0;0;[];1.78;1.78
Setka Cup (Mundial);1;g_25_vw8d8nIg;;2021-03-17 12:25:00;Chelpanov S. (Ukr);Bondarenko S. (Ukr);0;0;[];2.23;1.48
Setka Cup (Mundial);1;g_25_jJWy296s;;2021-03-17 12:30:00;Dvorak P. (Cze);Holan J. (Cze);0;0;[];;
Setka Cup (Mundial);1;g_25_n5AQJtMT;;2021-03-17 12:30:00;Sydoruk A. (Ukr);Lymarenko O. (Ukr);0;0;[];;
Setka Cup (Mundial);1;g_25_dbxPIfxT;;2021-03-17 12:35:00;Bonishchuk T. (Ukr);Pereyaslavsky D. (Ukr);0;0;[];2.08;1.63
Setka Cup (Mundial);1;g_25_SMzKwyD2;;2021-03-17 12:40:00;Nazarov A. (Ukr);Yurkov A. (Ukr);0;0;[];1.78;1.78
Setka Cup (Mundial);1;g_25_67hq1VAQ;;2021-03-17 12:45:00;Ponomarenko O. (Ukr);Podolian A. (Ukr);0;0;[];2.64;1.35
Setka Cup (Mundial);1;g_25_jc7HMcf1;;2021-03-17 12:50:00;Kulynych M. (Ukr);Chulanov V. (Ukr);0;0;[];;
Setka Cup (Mundial);1;g_25_EuMjyTYD;;2021-03-17 12:50:00;Shmyndra Y. (Ukr);Pesternikov D. (Ukr);0;0;[];1.9;1.67
Setka Cup (Mundial);1;g_25_IT6076Xa;;2021-03-17 12:55:00;Rehotun D. (Ukr);Kolesnik Y. (Ukr);0;0;[];1.78;1.78
Setka Cup (Mundial);1;g_25_lEdhF0Up;;2021-03-17 13:00:00;Martyniuk A. (Ukr);Levytskyi V. (Ukr);0;0;[];1.78;1.78
Setka Cup (Mundial);1;g_25_COsfDYaj;;2021-03-17 13:05:00;Kuprykov S. (Ukr);Yushko R. (Ukr);0;0;[];2.1;1.55
Setka Cup (Mundial);1;g_25_6DZNxeS8;;2021-03-17 13:10:00;Kolbasenko O. (Ukr);Sklyarenko A. (Ukr);0;0;[];3.1;1.25
Setka Cup (Mundial);1;g_25_QiZFe9Ym;;2021-03-17 13:15:00;Semenenko V. (Ukr);Semenets S. (Ukr);0;0;[];1.78;1.78
Setka Cup (Mundial);1;g_25_Um6LLH97;;2021-03-17 13:20:00;Hordiichuk O. (Ukr);Studinikin M. (Ukr);0;0;[];;
Setka Cup (Mundial);1;g_25_jJW9Tjke;;2021-03-17 13:20:00;Mosuk N. (Ukr);Zaporozhets O. (Ukr);0;0;[];1.67;1.9
Setka Cup (Mundial);1;g_25_z5156Qn6;;2021-03-17 13:25:00;Hnoievoi R. (Ukr);Makarenko R. (Ukr);0;0;[];1.67;1.9
Setka Cup (Mundial);1;g_25_2Hpzvp7o;;2021-03-17 13:30:00;Sydoruk A. (Ukr);Antonyan A. (Ukr);0;0;[];1.44;2.35
Setka Cup (Mundial);1;g_25_UaCvLpJd;;2021-03-17 13:35:00;Bonishchuk T. (Ukr);Onykyienko V. (Ukr);0;0;[];1.35;2.64
Setka Cup (Mundial);1;g_25_0zZRyFsF;;2021-03-17 13:40:00;Nazarov A. (Ukr);Lazuryk D. (Ukr);0;0;[];1.78;1.78
Setka Cup (Mundial);1;g_25_b5XNgm30;;2021-03-17 13:45:00;Ponomarenko O. (Ukr);Goncharuk O. (Ukr);0;0;[];1.38;2.5
Setka Cup (Mundial);1;g_25_YsMESA41;;2021-03-17 13:50:00;Oleskevych O. (Ukr);Shmyndra Y. (Ukr);0;0;[];1.78;1.78
Setka Cup (Mundial);1;g_25_Whp4p1n8;;2021-03-17 13:50:00;Sheremeta V. (Ukr);Potapov M. (Ukr);0;0;[];;
Setka Cup (Mundial);1;g_25_Ee095p2C;;2021-03-17 13:55:00;Chelpanov S. (Ukr);Rehotun D. (Ukr);0;0;[];1.55;2.1
Setka Cup (Mundial);1;g_25_APCMnIqt;;2021-03-17 14:00:00;Janciga R. (Cze);Ghariani S. (Cze);0;0;[];;
Setka Cup (Mundial);1;g_25_GKlvw4Mi;;2021-03-17 14:00:00;Kozlov D. (Ukr);Lymarenko O. (Ukr);0;0;[];;
Setka Cup (Mundial);1;g_25_2DAnJOm9;;2021-03-17 14:05:00;Reva Y. (Ukr);Pereyaslavsky D. (Ukr);0;0;[];1.96;1.7
Setka Cup (Mundial);1;g_25_bLiVzZdL;;2021-03-17 14:10:00;Paniotov A. (Ukr);Yurkov A. (Ukr);0;0;[];3.6;1.19
Setka Cup (Mundial);1;g_25_C8ySh7I6;;2021-03-17 14:15:00;Antonenko V. (Ukr);Podolian A. (Ukr);0;0;[];3.45;1.21
Setka Cup (Mundial);1;g_25_pdl8qL1E;;2021-03-17 14:20:00;Kulynych M. (Ukr);Hordiichuk O. (Ukr);0;0;[];;
Setka Cup (Mundial);1;g_25_noQIRUJ7;;2021-03-17 14:20:00;Mosuk N. (Ukr);Pesternikov D. (Ukr);0;0;[];1.78;1.78
Setka Cup (Mundial);1;g_25_8IaD44HI;;2021-03-17 14:25:00;Hnoievoi R. (Ukr);Bondarenko S. (Ukr);0;0;[];4.5;1.12
Setka Cup (Mundial);1;g_25_lGBQoxan;;2021-03-17 14:30:00;Chlumsky P. (Cze);Korenek F. (Cze);0;0;[];;
Setka Cup (Mundial);1;g_25_bqvqxOyb;;2021-03-17 14:30:00;Martyniuk A. (Ukr);Sydoruk A. (Ukr);0;0;[];2.5;1.38
Setka Cup (Mundial);1;g_25_bu4eH2IL;;2021-03-17 14:35:00;Kuprykov S. (Ukr);Bonishchuk T. (Ukr);0;0;[];1.35;2.64
Setka Cup (Mundial);1;g_25_tpszzgCR;;2021-03-17 14:40:00;Kolbasenko O. (Ukr);Nazarov A. (Ukr);0;0;[];2.17;1.52
Setka Cup (Mundial);1;g_25_fXQWiRXC;;2021-03-17 14:45:00;Semenenko V. (Ukr);Ponomarenko O. (Ukr);0;0;[];1.78;1.78
Setka Cup (Mundial);1;g_25_xhCyShWt;;2021-03-17 14:50:00;Chulanov V. (Ukr);Potapov M. (Ukr);0;0;[];;
Setka Cup (Mundial);1;g_25_0lE0jEd8;;2021-03-17 14:50:00;Shmyndra Y. (Ukr);Zaporozhets O. (Ukr);0;0;[];2.17;1.52
Setka Cup (Mundial);1;g_25_IRRtmxno;;2021-03-17 14:55:00;Kolesnik Y. (Ukr);Makarenko R. (Ukr);0;0;[];1.74;1.84
Setka Cup (Mundial);1;g_25_tSVR6bh9;;2021-03-17 15:00:00;Janciga R. (Cze);Korenek F. (Cze);0;0;[];;
Setka Cup (Mundial);1;g_25_xzwmyri4;;2021-03-17 15:00:00;Levytskyi V. (Ukr);Lymarenko O. (Ukr);0;0;[];;
Setka Cup (Mundial);1;g_25_8EkRBttq;;2021-03-17 15:05:00;Yushko R. (Ukr);Pereyaslavsky D. (Ukr);0;0;[];2.7;1.38
Setka Cup (Mundial);1;g_25_rgT1VCKr;;2021-03-17 15:10:00;Sklyarenko A. (Ukr);Yurkov A. (Ukr);0;0;[];2.23;1.48
Setka Cup (Mundial);1;g_25_YNPziomJ;;2021-03-17 15:15:00;Semenets S. (Ukr);Podolian A. (Ukr);0;0;[];2.5;1.38
Setka Cup (Mundial);1;g_25_vuD4kYBE;;2021-03-17 15:20:00;Oleskevych O. (Ukr);Pesternikov D. (Ukr);0;0;[];1.9;1.67
Setka Cup (Mundial);1;g_25_GrBuRCom;;2021-03-17 15:20:00;Studinikin M. (Ukr);Sheremeta V. (Ukr);0;0;[];;
Setka Cup (Mundial);1;g_25_KW5PBLOo;;2021-03-17 15:25:00;Chelpanov S. (Ukr);Hnoievoi R. (Ukr);0;0;[];1.35;2.64
Setka Cup (Mundial);1;g_25_p0xiz26A;;2021-03-17 15:30:00;Antonyan A. (Ukr);Kozlov D. (Ukr);0;0;[];1.9;1.67
Setka Cup (Mundial);1;g_25_KIUV5I7F;;2021-03-17 15:30:00;Chlumsky P. (Cze);Ghariani S. (Cze);0;0;[];;
Setka Cup (Mundial);1;g_25_rXsv9vQ1;;2021-03-17 15:35:00;Onykyienko V. (Ukr);Reva Y. (Ukr);0;0;[];3.2;1.24
Setka Cup (Mundial);1;g_25_CSX5UWZl;;2021-03-17 15:40:00;Lazuryk D. (Ukr);Paniotov A. (Ukr);0;0;[];1.52;2.17
Setka Cup (Mundial);1;g_25_nuTHFUPJ;;2021-03-17 15:45:00;Goncharuk O. (Ukr);Antonenko V. (Ukr);0;0;[];2.92;1.28
Setka Cup (Mundial);1;g_25_KjU1lhRK;;2021-03-17 15:50:00;Mosuk N. (Ukr);Shmyndra Y. (Ukr);0;0;[];1.9;1.67
Setka Cup (Mundial);1;g_25_Sd9X9agb;;2021-03-17 15:55:00;Rehotun D. (Ukr);Makarenko R. (Ukr);0;0;[];1.67;1.9
Setka Cup (Mundial);1;g_25_EuUZ4xNL;;2021-03-17 16:00:00;Janciga R. (Cze);Chlumsky P. (Cze);0;0;[];;
Setka Cup (Mundial);1;g_25_bsT5mCtR;;2021-03-17 16:20:00;Pesternikov D. (Ukr);Zaporozhets O. (Ukr);0;0;[];1.78;1.78
Setka Cup (Mundial);1;g_25_lCct8wOA;;2021-03-17 16:25:00;Bondarenko S. (Ukr);Kolesnik Y. (Ukr);0;0;[];3.2;1.24
Setka Cup (Mundial);1;g_25_SrYw4dxS;;2021-03-17 16:30:00;Korenek F. (Cze);Ghariani S. (Cze);0;0;[];;
Setka Cup (Mundial);1;g_25_GMFXrWlr;;2021-03-17 16:50:00;Mosuk N. (Ukr);Oleskevych O. (Ukr);0;0;[];1.44;2.35
Setka Cup (Mundial);1;g_25_r5sxQW0g;;2021-03-17 17:25:00;Matvieiev D. (Ukr);Voitekhov T. (Ukr);0;0;[];;
Setka Cup (Mundial);1;g_25_MettPjGa;;2021-03-17 17:55:00;Lutskiy V. (Ukr);Ivashkin O. (Ukr);0;0;[];;
Setka Cup (Mundial);1;g_25_GIupOAV5;;2021-03-17 18:25:00;Chornobab V. (Ukr);Malynka R. (Ukr);0;0;[];;
Setka Cup (Mundial);1;g_25_WzT2UHHb;;2021-03-17 18:55:00;Matvieiev D. (Ukr);Ivashkin O. (Ukr);0;0;[];;
Setka Cup (Mundial);1;g_25_QcS6TyX4;;2021-03-17 19:25:00;Malynka R. (Ukr);Voitekhov T. (Ukr);0;0;[];;
Setka Cup (Mundial);1;g_25_4lRASenB;;2021-03-17 19:55:00;Lutskiy V. (Ukr);Chornobab V. (Ukr);0;0;[];;
Setka Cup (Mundial);1;g_25_ULqlNUpC;;2021-03-17 20:25:00;Matvieiev D. (Ukr);Malynka R. (Ukr);0;0;[];;
Setka Cup (Mundial);1;g_25_CpZhMl0I;;2021-03-17 20:55:00;Chornobab V. (Ukr);Ivashkin O. (Ukr);0;0;[];;
Setka Cup (Mundial);1;g_25_jyYdL8FO;;2021-03-17 21:25:00;Lutskiy V. (Ukr);Voitekhov T. (Ukr);0;0;[];;
Setka Cup (Mundial);1;g_25_viRvphhP;;2021-03-17 21:55:00;Matvieiev D. (Ukr);Chornobab V. (Ukr);0;0;[];;
Setka Cup (Mundial);1;g_25_t0D6uC0t;;2021-03-17 22:25:00;Lutskiy V. (Ukr);Malynka R. (Ukr);0;0;[];;
Setka Cup (Mundial);1;g_25_OO2BvWFn;;2021-03-17 22:55:00;Ivashkin O. (Ukr);Voitekhov T. (Ukr);0;0;[];;
Setka Cup (Mundial);1;g_25_za6FwjVh;;2021-03-17 23:25:00;Matvieiev D. (Ukr);Lutskiy V. (Ukr);0;0;[];;
Setka Cup (Mundial);1;g_25_UL5JxApa;;2021-03-17 23:55:00;Chornobab V. (Ukr);Voitekhov T. (Ukr);0;0;[];;
TT Cup (Ucrania);1;g_25_ELqSCQKa;Finalizado;2021-03-17 00:00:00;Yaremchuk D. (Ukr);Tuzhilin A. (Ukr);0;3;[{'home': 9, 'away': 11}, {'home': 9, 'away': 11}, {'home': 6, 'away': 11}];;
TT Cup (Ucrania);1;g_25_AmwyB4kC;Finalizado;2021-03-17 00:00:00;Tsybulin S. (Ukr);Derypaska R. (Ukr);0;3;[{'home': 8, 'away': 11}, {'home': 13, 'away': 15}, {'home': 9, 'away': 11}];;
TT Cup (Ucrania);1;g_25_2HWILL3U;Finalizado;2021-03-17 00:00:00;Kohut B. (Ukr);Yaremchuk D. (Ukr);0;3;[{'home': 8, 'away': 11}, {'home': 10, 'away': 12}, {'home': 6, 'away': 11}];;
TT Cup (Ucrania);1;g_25_4AxuAO4I;Finalizado;2021-03-17 00:00:00;Kovalchuk N. (Ukr);Trofimov M. (Ukr);0;3;[{'home': 8, 'away': 11}, {'home': 5, 'away': 11}, {'home': 5, 'away': 11}];;
TT Cup (Ucrania);1;g_25_Oj3AP345;Finalizado;2021-03-17 00:00:00;Krivenko V. (Ukr);Kozenkov T. (Ukr);0;3;[{'home': 9, 'away': 11}, {'home': 11, 'away': 13}, {'home': 9, 'away': 11}];1.52;2.17
TT Cup (Ucrania);1;g_25_KEClull7;Finalizado;2021-03-17 00:00:00;Bosak V. (Ukr);Demchuk I. (Ukr);1;3;[{'home': 4, 'away': 11}, {'home': 6, 'away': 11}, {'home': 12, 'away': 10}, {'home': 11, 'away': 13}];1.44;2.35
TT Cup (Ucrania);1;g_25_Gptq9rKO;Finalizado;2021-03-17 00:00:00;Moriak A. (Ukr);Pleshkan V. (Ukr);3;2;[{'home': 11, 'away': 7}, {'home': 7, 'away': 11}, {'home': 11, 'away': 13}, {'home': 11, 'away': 3}, {'home': 11, 'away': 8}];1.38;2.52
TT Cup (Ucrania);1;g_25_Kb6gTo5t;Finalizado;2021-03-17 00:00:00;Simonchuk D. (Ukr);Baklykov A. (Ukr);0;3;[{'home': 1, 'away': 11}, {'home': 7, 'away': 11}, {'home': 1, 'away': 11}];2.03;1.58
TT Cup (Ucrania);1;g_25_8GvBdkJs;Finalizado;2021-03-17 00:00:00;Baranovskiy S. (Ukr);Shkurupii O. (Ukr);3;1;[{'home': 9, 'away': 11}, {'home': 13, 'away': 11}, {'home': 12, 'away': 10}, {'home': 11, 'away': 5}];1.35;2.64
TT Cup (Ucrania);1;g_25_vw8Ot5Zu;Finalizado;2021-03-17 00:00:00;Zakladnyi G. (Ukr);Tuzhilin A. (Ukr);0;3;[{'home': 5, 'away': 11}, {'home': 5, 'away': 11}, {'home': 7, 'away': 11}];;
TT Cup (Ucrania);1;g_25_Ee0yv3Jb;3er Set;2021-03-17 00:00:00;Boiko S. (Ukr);Derypaska R. (Ukr);1;1;[{'home': 9, 'away': 11}, {'home': 12, 'away': 10}, {'home': 0, 'away': 0}];;
TT Cup (Ucrania);1;g_25_lYAcS5Kn;2ยบ Set;2021-03-17 02:10:00;Bondarchuk A. (Ukr);Kalugin V. (Ukr);0;1;[{'home': 8, 'away': 11}, {'home': 0, 'away': 0}];1.32;2.76
TT Cup (Ucrania);1;g_25_ID2EONJB;;2021-03-17 02:15:00;Arzanov D. (Ukr);Zaitsev A. (Ukr);0;0;[];2.64;1.35
TT Cup (Ucrania);1;g_25_0Aky3itE;;2021-03-17 02:20:00;Krysak A. (Ukr);Stasiuk B. (Ukr);0;0;[];3.1;1.25
TT Cup (Ucrania);1;g_25_IkKRXRdP;;2021-03-17 02:25:00;Ludchak V. (Ukr);Demchuk R. (Ukr);0;0;[];2.35;1.44
TT Cup (Ucrania);1;g_25_4rYJfTmf;;2021-03-17 02:30:00;Krutko O. (Ukr);Cherevko R. (Ukr);0;0;[];;
TT Cup (Ucrania);1;g_25_htCSuPln;;2021-03-17 02:35:00;Zakladnyi G. (Ukr);Yaremchuk D. (Ukr);0;0;[];;
TT Cup (Ucrania);1;g_25_rV4uwNY4;;2021-03-17 02:40:00;Tsybulin S. (Ukr);Kovalchuk N. (Ukr);0;0;[];;
TT Cup (Ucrania);1;g_25_xdY7Ukn2;;2021-03-17 02:45:00;Shaban V. (Ukr);Baklykov A. (Ukr);0;0;[];2.35;1.44
TT Cup (Ucrania);1;g_25_t4e8clGl;;2021-03-17 02:50:00;Zinov N. (Ukr);Kozenkov T. (Ukr);0;0;[];1.32;2.76
TT Cup (Ucrania);1;g_25_bN4TAuvh;;2021-03-17 02:55:00;Vatsyn I. (Ukr);Demchuk I. (Ukr);0;0;[];1.9;1.67
TT Cup (Ucrania);1;g_25_SbQAh2Yi;;2021-03-17 03:00:00;Kuravsky O. (Ukr);Pleshkan V. (Ukr);0;0;[];2.35;1.44
TT Cup (Ucrania);1;g_25_I1rjEEpp;;2021-03-17 03:05:00;Masko Y. (Ukr);Shkurupii O. (Ukr);0;0;[];1.67;1.9
TT Cup (Ucrania);1;g_25_z51Xvq4h;;2021-03-17 03:10:00;Kohut B. (Ukr);Tuzhilin A. (Ukr);0;0;[];;
TT Cup (Ucrania);1;g_25_ML3qxslB;;2021-03-17 03:15:00;Boiko S. (Ukr);Trofimov M. (Ukr);0;0;[];2.5;1.38
TT Cup (Ucrania);1;g_25_jaMkgZO2;;2021-03-17 03:20:00;Simonchuk D. (Ukr);Bondarchuk A. (Ukr);0;0;[];1.25;3.1
TT Cup (Ucrania);1;g_25_zRfCd8Vf;;2021-03-17 03:25:00;Krivenko V. (Ukr);Arzanov D. (Ukr);0;0;[];1.78;1.78
TT Cup (Ucrania);1;g_25_6m8y9J84;;2021-03-17 03:30:00;Bosak V. (Ukr);Krysak A. (Ukr);0;0;[];1.74;1.84
TT Cup (Ucrania);1;g_25_MLPEiMmb;;2021-03-17 03:35:00;Moriak A. (Ukr);Ludchak V. (Ukr);0;0;[];1.78;1.78
TT Cup (Ucrania);1;g_25_jFtbChFd;;2021-03-17 03:40:00;Baranovskiy S. (Ukr);Krutko O. (Ukr);0;0;[];;
TT Cup (Ucrania);1;g_25_WdvXBpz6;;2021-03-17 03:45:00;Zakladnyi G. (Ukr);Kohut B. (Ukr);0;0;[];;
TT Cup (Ucrania);1;g_25_4pgly13H;;2021-03-17 03:50:00;Kovalchuk N. (Ukr);Derypaska R. (Ukr);0;0;[];;
TT Cup (Ucrania);1;g_25_UkLghgv9;;2021-03-17 03:55:00;Shaban V. (Ukr);Kalugin V. (Ukr);0;0;[];1.58;2.03
TT Cup (Ucrania);1;g_25_lUbGeSp1;;2021-03-17 04:00:00;Zinov N. (Ukr);Zaitsev A. (Ukr);0;0;[];2.17;1.52
TT Cup (Ucrania);1;g_25_2F1p7cwH;;2021-03-17 04:05:00;Vatsyn I. (Ukr);Stasiuk B. (Ukr);0;0;[];2.5;1.38
TT Cup (Ucrania);1;g_25_zPTIjt34;;2021-03-17 04:10:00;Kuravsky O. (Ukr);Demchuk R. (Ukr);0;0;[];1.68;1.88
TT Cup (Ucrania);1;g_25_8jBrK4Y2;;2021-03-17 04:15:00;Masko Y. (Ukr);Cherevko R. (Ukr);0;0;[];;
TT Cup (Ucrania);1;g_25_EytiEeIP;;2021-03-17 04:20:00;Yaremchuk D. (Ukr);Tuzhilin A. (Ukr);0;0;[];;
TT Cup (Ucrania);1;g_25_GKdhzLIN;;2021-03-17 04:25:00;Boiko S. (Ukr);Kovalchuk N. (Ukr);0;0;[];;
TT Cup (Ucrania);1;g_25_nRFbiDgF;;2021-03-17 04:30:00;Bondarchuk A. (Ukr);Baklykov A. (Ukr);0;0;[];3.1;1.25
TT Cup (Ucrania);1;g_25_WhlLfn07;;2021-03-17 04:35:00;Arzanov D. (Ukr);Kozenkov T. (Ukr);0;0;[];1.52;2.17
TT Cup (Ucrania);1;g_25_zTah5y8T;;2021-03-17 04:40:00;Krysak A. (Ukr);Demchuk I. (Ukr);0;0;[];1.74;1.84
TT Cup (Ucrania);1;g_25_ImJNk0IA;;2021-03-17 04:45:00;Ludchak V. (Ukr);Pleshkan V. (Ukr);0;0;[];1.55;2.1
TT Cup (Ucrania);1;g_25_GGEjIr3F;;2021-03-17 04:50:00;Krutko O. (Ukr);Shkurupii O. (Ukr);0;0;[];1.55;2.1
TT Cup (Ucrania);1;g_25_WUsI9FQt;;2021-03-17 04:55:00;Kohut B. (Ukr);Yaremchuk D. (Ukr);0;0;[];;
TT Cup (Ucrania);1;g_25_AsddZvYT;;2021-03-17 05:00:00;Tsybulin S. (Ukr);Trofimov M. (Ukr);0;0;[];2.17;1.52
TT Cup (Ucrania);1;g_25_QHE2jX8L;;2021-03-17 05:05:00;Shaban V. (Ukr);Bondarchuk A. (Ukr);0;0;[];1.38;2.5
TT Cup (Ucrania);1;g_25_AqmPg6FD;;2021-03-17 05:10:00;Zinov N. (Ukr);Arzanov D. (Ukr);0;0;[];1.48;2.23
TT Cup (Ucrania);1;g_25_WjiaOb8i;;2021-03-17 05:15:00;Vatsyn I. (Ukr);Krysak A. (Ukr);0;0;[];2.37;1.43
TT Cup (Ucrania);1;g_25_dvIRlKXG;;2021-03-17 05:20:00;Kuravsky O. (Ukr);Ludchak V. (Ukr);0;0;[];1.65;1.95
TT Cup (Ucrania);1;g_25_xW2aGMXR;;2021-03-17 05:25:00;Masko Y. (Ukr);Krutko O. (Ukr);0;0;[];2.35;1.44
TT Cup (Ucrania);1;g_25_ALtM8Zum;;2021-03-17 05:30:00;Zakladnyi G. (Ukr);Tuzhilin A. (Ukr);0;0;[];;
TT Cup (Ucrania);1;g_25_CjrOUbto;;2021-03-17 05:35:00;Boiko S. (Ukr);Tsybulin S. (Ukr);0;0;[];1.78;1.78
TT Cup (Ucrania);1;g_25_KvE6kiOR;;2021-03-17 05:40:00;Simonchuk D. (Ukr);Kalugin V. (Ukr);0;0;[];2.03;1.58
TT Cup (Ucrania);1;g_25_bat7IkhE;;2021-03-17 05:45:00;Krivenko V. (Ukr);Zaitsev A. (Ukr);0;0;[];2.92;1.28
TT Cup (Ucrania);1;g_25_SIp8Mxw4;;2021-03-17 05:50:00;Bosak V. (Ukr);Stasiuk B. (Ukr);0;0;[];2.76;1.32
TT Cup (Ucrania);1;g_25_2wteXi2q;;2021-03-17 05:55:00;Moriak A. (Ukr);Demchuk R. (Ukr);0;0;[];2.95;1.28
TT Cup (Ucrania);1;g_25_UTwzAKAe;;2021-03-17 06:00:00;Baranovskiy S. (Ukr);Cherevko R. (Ukr);0;0;[];;
TT Cup (Ucrania);1;g_25_hpWQ7geg;;2021-03-17 06:05:00;Zakladnyi G. (Ukr);Yaremchuk D. (Ukr);0;0;[];;
TT Cup (Ucrania);1;g_25_l8R6grJo;;2021-03-17 06:10:00;Trofimov M. (Ukr);Derypaska R. (Ukr);0;0;[];;
TT Cup (Ucrania);1;g_25_trKXpBWr;;2021-03-17 06:15:00;Shaban V. (Ukr);Simonchuk D. (Ukr);0;0;[];2.92;1.28
TT Cup (Ucrania);1;g_25_xjuBH97K;;2021-03-17 06:20:00;Zinov N. (Ukr);Krivenko V. (Ukr);0;0;[];1.32;2.76
TT Cup (Ucrania);1;g_25_69qCLdhA;;2021-03-17 06:25:00;Vatsyn I. (Ukr);Bosak V. (Ukr);0;0;[];2.95;1.28
TT Cup (Ucrania);1;g_25_tUvaWBHk;;2021-03-17 06:30:00;Kuravsky O. (Ukr);Moriak A. (Ukr);0;0;[];1.28;2.92
TT Cup (Ucrania);1;g_25_zRUPWsI8;;2021-03-17 06:35:00;Masko Y. (Ukr);Baranovskiy S. (Ukr);0;0;[];1.78;1.78
TT Cup (Ucrania);1;g_25_6mzV6DAa;;2021-03-17 06:40:00;Kohut B. (Ukr);Tuzhilin A. (Ukr);0;0;[];;
TT Cup (Ucrania);1;g_25_O69xpVok;;2021-03-17 06:50:00;Kalugin V. (Ukr);Baklykov A. (Ukr);0;0;[];1.97;1.63
TT Cup (Ucrania);1;g_25_KEUFGTMQ;;2021-03-17 06:55:00;Zaitsev A. (Ukr);Kozenkov T. (Ukr);0;0;[];1.32;2.76
TT Cup (Ucrania);1;g_25_EZnKJzNM;;2021-03-17 07:00:00;Stasiuk B. (Ukr);Demchuk I. (Ukr);0;0;[];1.3;2.87
TT Cup (Ucrania);1;g_25_OhU3VVWe;;2021-03-17 07:05:00;Demchuk R. (Ukr);Pleshkan V. (Ukr);0;0;[];1.45;2.32
TT Cup (Ucrania);1;g_25_WhOYULnL;;2021-03-17 07:10:00;Cherevko R. (Ukr);Shkurupii O. (Ukr);0;0;[];;
TT Cup (Ucrania);1;g_25_0AZY5XP5;;2021-03-17 07:15:00;Zakladnyi G. (Ukr);Kohut B. (Ukr);0;0;[];;
TT Cup (Ucrania);1;g_25_SO91RPZh;;2021-03-17 08:35:00;Herasymenko A. (Ukr);Rutskiy S. (Ukr);0;0;[];;
TT Cup (Ucrania);1;g_25_f7LsCmVs;;2021-03-17 08:40:00;Troian A. (Ukr);Zapletniuk A. (Ukr);0;0;[];;
TT Cup (Ucrania);1;g_25_nH4gz4Bf;;2021-03-17 08:55:00;Reznichenko R. (Ukr);Kostyuk A. (Ukr);0;0;[];;
TT Cup (Ucrania);1;g_25_Ama6Qqka;;2021-03-17 09:10:00;Sandulenko U. (Ukr);Halai D. (Ukr);0;0;[];;
TT Cup (Ucrania);1;g_25_d41INsZH;;2021-03-17 09:15:00;Smyk V. (Ukr);Leonenko O. (Ukr);0;0;[];;
TT Cup (Ucrania);1;g_25_bi8cZNQ0;;2021-03-17 09:30:00;Grushko V. (Ukr);Naida O. (Ukr);0;0;[];;
TT Cup (Ucrania);1;g_25_2c8tqk1e;;2021-03-17 09:45:00;Udod I. (Ukr);Rutskiy S. (Ukr);0;0;[];;
TT Cup (Ucrania);1;g_25_OQXEM1lO;;2021-03-17 09:50:00;Miniailo Y. (Ukr);Zapletniuk A. (Ukr);0;0;[];;
TT Cup (Ucrania);1;g_25_tGc2Yst7;;2021-03-17 10:05:00;Zaychenko V. (Ukr);Kostyuk A. (Ukr);0;0;[];;
TT Cup (Ucrania);1;g_25_WWCpr9G1;;2021-03-17 10:20:00;Herasymenko A. (Ukr);Sandulenko U. (Ukr);0;0;[];;
TT Cup (Ucrania);1;g_25_lUKoB7pl;;2021-03-17 10:25:00;Troian A. (Ukr);Smyk V. (Ukr);0;0;[];;
TT Cup (Ucrania);1;g_25_K6d6X1eD;;2021-03-17 10:40:00;Reznichenko R. (Ukr);Grushko V. (Ukr);0;0;[];;
TT Cup (Ucrania);1;g_25_ANBlsTV7;;2021-03-17 10:55:00;Udod I. (Ukr);Halai D. (Ukr);0;0;[];;
TT Cup (Ucrania);1;g_25_SKJkARaf;;2021-03-17 11:00:00;Miniailo Y. (Ukr);Leonenko O. (Ukr);0;0;[];;
TT Cup (Ucrania);1;g_25_8MkldoYD;;2021-03-17 11:15:00;Zaychenko V. (Ukr);Naida O. (Ukr);0;0;[];;
TT Cup (Ucrania);1;g_25_CSkX5C88;;2021-03-17 11:30:00;Sandulenko U. (Ukr);Rutskiy S. (Ukr);0;0;[];;
TT Cup (Ucrania);1;g_25_pdEf9oF0;;2021-03-17 11:35:00;Smyk V. (Ukr);Zapletniuk A. (Ukr);0;0;[];;
TT Cup (Ucrania);1;g_25_nDlhe5mK;;2021-03-17 11:50:00;Grushko V. (Ukr);Kostyuk A. (Ukr);0;0;[];;
TT Cup (Ucrania);1;g_25_QVgy5WNE;;2021-03-17 12:05:00;Udod I. (Ukr);Sandulenko U. (Ukr);0;0;[];;
TT Cup (Ucrania);1;g_25_OnDb85U6;;2021-03-17 12:10:00;Miniailo Y. (Ukr);Smyk V. (Ukr);0;0;[];;
TT Cup (Ucrania);1;g_25_UyvcfP2Q;;2021-03-17 12:25:00;Zaychenko V. (Ukr);Grushko V. (Ukr);0;0;[];;
TT Cup (Ucrania);1;g_25_Khgu4jwL;;2021-03-17 12:40:00;Herasymenko A. (Ukr);Halai D. (Ukr);0;0;[];;
TT Cup (Ucrania);1;g_25_I9C27PqD;;2021-03-17 12:45:00;Troian A. (Ukr);Leonenko O. (Ukr);0;0;[];;
TT Cup (Ucrania);1;g_25_6cVOkqBs;;2021-03-17 13:00:00;Reznichenko R. (Ukr);Naida O. (Ukr);0;0;[];;
TT Cup (Ucrania);1;g_25_bqhq3AhR;;2021-03-17 13:15:00;Udod I. (Ukr);Herasymenko A. (Ukr);0;0;[];;
TT Cup (Ucrania);1;g_25_WCG66qaJ;;2021-03-17 13:20:00;Miniailo Y. (Ukr);Troian A. (Ukr);0;0;[];;
TT Cup (Ucrania);1;g_25_0KUSl3Qm;;2021-03-17 13:35:00;Zaychenko V. (Ukr);Reznichenko R. (Ukr);0;0;[];;
TT Cup (Ucrania);1;g_25_2Dd4bU0r;;2021-03-17 13:50:00;Halai D. (Ukr);Rutskiy S. (Ukr);0;0;[];;
TT Cup (Ucrania);1;g_25_zosmFy3J;;2021-03-17 13:55:00;Leonenko O. (Ukr);Zapletniuk A. (Ukr);0;0;[];;
TT Cup (Ucrania);1;g_25_vBTWmNuf;;2021-03-17 14:10:00;Naida O. (Ukr);Kostyuk A. (Ukr);0;0;[];;
Win Cup (Ucrania);1;g_25_IX4dhSmI;Finalizado;2021-03-17 00:00:00;Kushko D. (Ukr);Kidalov V. (Ukr);1;3;[{'home': 11, 'away': 7}, {'home': 11, 'away': 13}, {'home': 8, 'away': 11}, {'home': 7, 'away': 11}];;
Win Cup (Ucrania);1;g_25_0df1in3O;Finalizado;2021-03-17 00:00:00;Ptitsyn D. (Ukr);Lukander D. (Ukr);3;1;[{'home': 11, 'away': 9}, {'home': 10, 'away': 12}, {'home': 11, 'away': 9}, {'home': 11, 'away': 6}];;
Win Cup (Ucrania);1;g_25_hbqvsPQb;Finalizado;2021-03-17 00:00:00;Lukander D. (Ukr);Kidalov V. (Ukr);0;3;[{'home': 7, 'away': 11}, {'home': 9, 'away': 11}, {'home': 6, 'away': 11}];;
Win Cup (Ucrania);1;g_25_vmg5j6IU;Finalizado;2021-03-17 00:00:00;Pisklov S. (Ukr);Chukanov M. (Ukr);3;1;[{'home': 11, 'away': 8}, {'home': 4, 'away': 11}, {'home': 11, 'away': 6}, {'home': 11, 'away': 8}];;
Win Cup (Ucrania);1;g_25_6cZf7eEi;Finalizado;2021-03-17 00:00:00;Zemiantsev S. (Ukr);Popov A. (Ukr);0;3;[{'home': 4, 'away': 11}, {'home': 5, 'away': 11}, {'home': 10, 'away': 12}];;
Win Cup (Ucrania);1;g_25_pYcVDQdC;Finalizado;2021-03-17 00:00:00;Bratukhin Y. (Ukr);Rybakov Y. (Ukr);3;0;[{'home': 11, 'away': 9}, {'home': 11, 'away': 8}, {'home': 12, 'away': 10}];;
Win Cup (Ucrania);1;g_25_ENYb6FTc;Finalizado;2021-03-17 00:00:00;Fedorchenko A. (Ukr);Zemiantsev S. (Ukr);3;0;[{'home': 11, 'away': 5}, {'home': 11, 'away': 9}, {'home': 11, 'away': 7}];;
Win Cup (Ucrania);1;g_25_jLZABklt;Finalizado;2021-03-17 00:00:00;Gusev V. (Ukr);Kovalenko Vl. (Ukr);1;3;[{'home': 11, 'away': 9}, {'home': 7, 'away': 11}, {'home': 7, 'away': 11}, {'home': 8, 'away': 11}];;
Win Cup (Ucrania);1;g_25_nLrrtqt5;Finalizado;2021-03-17 00:00:00;Ptitsyn D. (Ukr);Kushko D. (Ukr);1;3;[{'home': 8, 'away': 11}, {'home': 11, 'away': 4}, {'home': 8, 'away': 11}, {'home': 9, 'away': 11}];;
Win Cup (Ucrania);1;g_25_WldwC4RO;Finalizado;2021-03-17 00:00:00;Starski A. (Ukr);Shalgorodskiy N. (Ukr);1;3;[{'home': 8, 'away': 11}, {'home': 12, 'away': 10}, {'home': 5, 'away': 11}, {'home': 10, 'away': 12}];;
Win Cup (Ucrania);1;g_25_AFRmW7Ct;Finalizado;2021-03-17 00:00:00;Kalenik S. (Ukr);Khorolsky V. (Rus);2;3;[{'home': 14, 'away': 12}, {'home': 7, 'away': 11}, {'home': 13, 'away': 11}, {'home': 7, 'away': 11}, {'home': 8, 'away': 11}];;
Win Cup (Ucrania);1;g_25_hbcZCpCI;Finalizado;2021-03-17 00:00:00;Panin V. (Ukr);Shapovalov O. (Ukr);0;3;[{'home': 9, 'away': 11}, {'home': 10, 'away': 12}, {'home': 6, 'away': 11}];;
Win Cup (Ucrania);1;g_25_UBYEA93n;4ยบ Set;2021-03-17 00:00:00;Pisklov S. (Ukr);Kovalenko Vl. (Ukr);1;2;[{'home': 10, 'away': 12}, {'home': 12, 'away': 14}, {'home': 11, 'away': 9}, {'home': 0, 'away': 0}];;
Win Cup (Ucrania);1;g_25_QBsnu3eB;4ยบ Set;2021-03-17 00:00:00;Sazhniev V. (Ukr);Popov A. (Ukr);1;2;[{'home': 9, 'away': 11}, {'home': 11, 'away': 7}, {'home': 9, 'away': 11}, {'home': 0, 'away': 0}];;
Win Cup (Ucrania);1;g_25_YgzMzl4P;4ยบ Set;2021-03-17 00:00:00;Yurkov D. (Ukr);Treshchyov E. (Ukr);1;2;[{'home': 11, 'away': 7}, {'home': 4, 'away': 11}, {'home': 7, 'away': 11}, {'home': 7, 'away': 7}];;
Win Cup (Ucrania);1;g_25_4xRiVRRn;;2021-03-17 02:15:00;Kovalenko S. (Ukr);Kozhenkov I. (Ukr);0;0;[];;
Win Cup (Ucrania);1;g_25_8SANELad;;2021-03-17 02:30:00;Babenko P. (Ukr);Vakulenko D. (Ukr);0;0;[];;
Win Cup (Ucrania);1;g_25_ngMAsdH9;;2021-03-17 02:30:00;Bratukhin Y. (Ukr);Shapovalov O. (Ukr);0;0;[];;
Win Cup (Ucrania);1;g_25_hEX25Zr4;;2021-03-17 02:30:00;Fedorchenko A. (Ukr);Popov A. (Ukr);0;0;[];;
Win Cup (Ucrania);1;g_25_CzOJ9TIh;;2021-03-17 02:30:00;Gusev V. (Ukr);Chukanov M. (Ukr);0;0;[];;
Win Cup (Ucrania);1;g_25_MBzgfZ0F;;2021-03-17 02:30:00;Starski A. (Ukr);Treshchyov E. (Ukr);0;0;[];;
Win Cup (Ucrania);1;g_25_l0ayjuRQ;;2021-03-17 02:45:00;Kalenik S. (Ukr);Kozhenkov I. (Ukr);0;0;[];;
Win Cup (Ucrania);1;g_25_QqLEtGWF;;2021-03-17 03:00:00;Panin V. (Ukr);Rybakov Y. (Ukr);0;0;[];;
Win Cup (Ucrania);1;g_25_OARN8mYb;;2021-03-17 03:00:00;Pisklov S. (Ukr);Gusev V. (Ukr);0;0;[];;
Win Cup (Ucrania);1;g_25_zwN74gbA;;2021-03-17 03:00:00;Sazhniev V. (Ukr);Fedorchenko A. (Ukr);0;0;[];;
Win Cup (Ucrania);1;g_25_67ALOsBU;;2021-03-17 03:00:00;Vakulin A. (Ukr);Varchenko M. (Ukr);0;0;[];;
Win Cup (Ucrania);1;g_25_02ZdggGL;;2021-03-17 03:00:00;Yurkov D. (Ukr);Shalgorodskiy N. (Ukr);0;0;[];;
Win Cup (Ucrania);1;g_25_fsx4oaZs;;2021-03-17 03:15:00;Kovalenko S. (Ukr);Khorolsky V. (Rus);0;0;[];;
Win Cup (Ucrania);1;g_25_MVb5w5xc;;2021-03-17 03:30:00;Babenko P. (Ukr);Varchenko M. (Ukr);0;0;[];;
Win Cup (Ucrania);1;g_25_88AJuznM;;2021-03-17 03:30:00;Bratukhin Y. (Ukr);Panin V. (Ukr);0;0;[];;
Win Cup (Ucrania);1;g_25_IXQR77m5;;2021-03-17 03:30:00;Kovalenko Vl. (Ukr);Chukanov M. (Ukr);0;0;[];;
Win Cup (Ucrania);1;g_25_ltRB3DDG;;2021-03-17 03:30:00;Popov A. (Ukr);Zemiantsev S. (Ukr);0;0;[];;
Win Cup (Ucrania);1;g_25_8SY0hDVR;;2021-03-17 03:30:00;Starski A. (Ukr);Yurkov D. (Ukr);0;0;[];;
Win Cup (Ucrania);1;g_25_YXz8pJll;;2021-03-17 03:45:00;Kalenik S. (Ukr);Kovalenko S. (Ukr);0;0;[];;
Win Cup (Ucrania);1;g_25_dOPV6R2B;;2021-03-17 04:00:00;Chukanov M. (Ukr);Pisklov S. (Ukr);0;0;[];;
Win Cup (Ucrania);1;g_25_KrENvf1S;;2021-03-17 04:00:00;Shapovalov O. (Ukr);Rybakov Y. (Ukr);0;0;[];;
Win Cup (Ucrania);1;g_25_AyLSmXwq;;2021-03-17 04:00:00;Treshchyov E. (Ukr);Shalgorodskiy N. (Ukr);0;0;[];;
Win Cup (Ucrania);1;g_25_zZ29xPi3;;2021-03-17 04:00:00;Vakulin A. (Ukr);Vakulenko D. (Ukr);0;0;[];;
Win Cup (Ucrania);1;g_25_txkunorq;;2021-03-17 04:00:00;Zemiantsev S. (Ukr);Sazhniev V. (Ukr);0;0;[];;
Win Cup (Ucrania);1;g_25_27uCqw4f;;2021-03-17 04:15:00;Kozhenkov I. (Ukr);Khorolsky V. (Rus);0;0;[];;
Win Cup (Ucrania);1;g_25_IchEyq79;;2021-03-17 04:30:00;Babenko P. (Ukr);Vakulin A. (Ukr);0;0;[];;
Win Cup (Ucrania);1;g_25_EaKz6oIH;;2021-03-17 04:30:00;Kovalenko Vl. (Ukr);Gusev V. (Ukr);0;0;[];;
Win Cup (Ucrania);1;g_25_KSmqo5ck;;2021-03-17 04:30:00;Popov A. (Ukr);Fedorchenko A. (Ukr);0;0;[];;
Win Cup (Ucrania);1;g_25_xO0kzE9q;;2021-03-17 04:30:00;Rybakov Y. (Ukr);Bratukhin Y. (Ukr);0;0;[];;
Win Cup (Ucrania);1;g_25_h0AXnigk;;2021-03-17 04:30:00;Shalgorodskiy N. (Ukr);Starski A. (Ukr);0;0;[];;
Win Cup (Ucrania);1;g_25_tbvGrcJ0;;2021-03-17 04:45:00;Khorolsky V. (Rus);Kalenik S. (Ukr);0;0;[];;
Win Cup (Ucrania);1;g_25_hjJv55XN;;2021-03-17 05:00:00;Kovalenko Vl. (Ukr);Pisklov S. (Ukr);0;0;[];;
Win Cup (Ucrania);1;g_25_x4rlpPCe;;2021-03-17 05:00:00;Popov A. (Ukr);Sazhniev V. (Ukr);0;0;[];;
Win Cup (Ucrania);1;g_25_GEagZXOk;;2021-03-17 05:00:00;Shapovalov O. (Ukr);Panin V. (Ukr);0;0;[];;
Win Cup (Ucrania);1;g_25_63EynB8e;;2021-03-17 05:00:00;Treshchyov E. (Ukr);Yurkov D. (Ukr);0;0;[];;
Win Cup (Ucrania);1;g_25_dliIz3MF;;2021-03-17 05:00:00;Varchenko M. (Ukr);Vakulenko D. (Ukr);0;0;[];;
Win Cup (Ucrania);1;g_25_OMTKsHY6;;2021-03-17 05:15:00;Kozhenkov I. (Ukr);Kovalenko S. (Ukr);0;0;[];;
Win Cup (Ucrania);1;g_25_nDIr4PnU;;2021-03-17 05:30:00;Chukanov M. (Ukr);Gusev V. (Ukr);0;0;[];;
Win Cup (Ucrania);1;g_25_YkfbYivd;;2021-03-17 05:30:00;Shapovalov O. (Ukr);Bratukhin Y. (Ukr);0;0;[];;
Win Cup (Ucrania);1;g_25_0QDuoVN1;;2021-03-17 05:30:00;Treshchyov E. (Ukr);Starski A. (Ukr);0;0;[];;
Win Cup (Ucrania);1;g_25_IuiRqRtt;;2021-03-17 05:30:00;Vakulenko D. (Ukr);Babenko P. (Ukr);0;0;[];;
Win Cup (Ucrania);1;g_25_GfshqqS1;;2021-03-17 05:30:00;Zemiantsev S. (Ukr);Fedorchenko A. (Ukr);0;0;[];;
Win Cup (Ucrania);1;g_25_xQXOtylD;;2021-03-17 05:45:00;Kozhenkov I. (Ukr);Kalenik S. (Ukr);0;0;[];;
Win Cup (Ucrania);1;g_25_UcVZ7S42;;2021-03-17 06:00:00;Fedorchenko A. (Ukr);Sazhniev V. (Ukr);0;0;[];;
Win Cup (Ucrania);1;g_25_OY9Aaqeo;;2021-03-17 06:00:00;Gusev V. (Ukr);Pisklov S. (Ukr);0;0;[];;
Win Cup (Ucrania);1;g_25_Ctg2XBg2;;2021-03-17 06:00:00;Rybakov Y. (Ukr);Panin V. (Ukr);0;0;[];;
Win Cup (Ucrania);1;g_25_I1rQhss8;;2021-03-17 06:00:00;Shalgorodskiy N. (Ukr);Yurkov D. (Ukr);0;0;[];;
Win Cup (Ucrania);1;g_25_QNeMZMyM;;2021-03-17 06:00:00;Varchenko M. (Ukr);Vakulin A. (Ukr);0;0;[];;
Win Cup (Ucrania);1;g_25_jTL65KQD;;2021-03-17 06:15:00;Khorolsky V. (Rus);Kovalenko S. (Ukr);0;0;[];;
Win Cup (Ucrania);1;g_25_S6zi8yao;;2021-03-17 06:30:00;Chukanov M. (Ukr);Kovalenko Vl. (Ukr);0;0;[];;
Win Cup (Ucrania);1;g_25_QqspdeW2;;2021-03-17 06:30:00;Panin V. (Ukr);Bratukhin Y. (Ukr);0;0;[];;
Win Cup (Ucrania);1;g_25_Srlw7nK8;;2021-03-17 06:30:00;Sazhniev V. (Ukr);Zemiantsev S. (Ukr);0;0;[];;
Win Cup (Ucrania);1;g_25_4EfQYtiS;;2021-03-17 06:30:00;Varchenko M. (Ukr);Babenko P. (Ukr);0;0;[];;
Win Cup (Ucrania);1;g_25_dhsUi1dE;;2021-03-17 06:30:00;Yurkov D. (Ukr);Starski A. (Ukr);0;0;[];;
Win Cup (Ucrania);1;g_25_UJKA4vtK;;2021-03-17 06:45:00;Kovalenko S. (Ukr);Kalenik S. (Ukr);0;0;[];;
Win Cup (Ucrania);1;g_25_vmoleFo9;;2021-03-17 07:00:00;Rybakov Y. (Ukr);Shapovalov O. (Ukr);0;0;[];;
Win Cup (Ucrania);1;g_25_jFtYjLBK;;2021-03-17 07:00:00;Shalgorodskiy N. (Ukr);Treshchyov E. (Ukr);0;0;[];;
Win Cup (Ucrania);1;g_25_AeXhU0aq;;2021-03-17 07:00:00;Vakulenko D. (Ukr);Vakulin A. (Ukr);0;0;[];;
Win Cup (Ucrania);1;g_25_AVy83beQ;;2021-03-17 07:15:00;Khorolsky V. (Rus);Kozhenkov I. (Ukr);0;0;[];;
Win Cup (Ucrania);1;g_25_UcyCMfup;;2021-03-17 07:30:00;Derevynskyi D. (Ukr);Khamurda V. (Ukr);0;0;[];;
Win Cup (Ucrania);1;g_25_hYDrvNAH;;2021-03-17 07:30:00;Plyushch P. (Ukr);Butkov M. (Ukr);0;0;[];;
Win Cup (Ucrania);1;g_25_8tjdTKEk;;2021-03-17 07:30:00;Vakulin A. (Ukr);Babenko P. (Ukr);0;0;[];;
Win Cup (Ucrania);1;g_25_CvOZbI3s;;2021-03-17 07:45:00;Kubrak S. (Ukr);Mashtakov A. (Ukr);0;0;[];;
Win Cup (Ucrania);1;g_25_61NwbxJm;;2021-03-17 07:45:00;Rubtsov S. (Ukr);Yunusov E. (Ukr);0;0;[];;
Win Cup (Ucrania);1;g_25_xOvKKY9d;;2021-03-17 08:00:00;Korobeynik S. (Ukr);Solovey V. (Ukr);0;0;[];;
Win Cup (Ucrania);1;g_25_OKzGLEfj;;2021-03-17 08:00:00;Oprysk M. (Ukr);Gorchakov V. (Ukr);0;0;[];;
Win Cup (Ucrania);1;g_25_23k0SvUe;;2021-03-17 08:00:00;Vakulenko D. (Ukr);Varchenko M. (Ukr);0;0;[];;
Win Cup (Ucrania);1;g_25_K4RscdYg;;2021-03-17 08:15:00;Rodin A. (Ukr);Rubtsov S. (Ukr);0;0;[];;
Win Cup (Ucrania);1;g_25_2TGndGm0;;2021-03-17 08:15:00;Yunusov E. (Ukr);Goloveshkin A. (Ukr);0;0;[];;
Win Cup (Ucrania);1;g_25_A7wr66ZE;;2021-03-17 08:30:00;Butkov M. (Ukr);Solovey V. (Ukr);0;0;[];;
Win Cup (Ucrania);1;g_25_lbxn5QlL;;2021-03-17 08:30:00;Gorchakov V. (Ukr);Korobeynik S. (Ukr);0;0;[];;
Win Cup (Ucrania);1;g_25_dWkVrodn;;2021-03-17 08:45:00;Goradze A. (Ukr);Ermolaev A. (Ukr);0;0;[];;
Win Cup (Ucrania);1;g_25_04K0T5da;;2021-03-17 08:45:00;Kubrak S. (Ukr);Rodin A. (Ukr);0;0;[];;
Win Cup (Ucrania);1;g_25_rTPeUosg;;2021-03-17 08:45:00;Mashtakov A. (Ukr);Goloveshkin A. (Ukr);0;0;[];;
Win Cup (Ucrania);1;g_25_IXtj4p4R;;2021-03-17 09:00:00;Khamurda V. (Ukr);Oprysk M. (Ukr);0;0;[];;
Win Cup (Ucrania);1;g_25_KtTHa4Cr;;2021-03-17 09:00:00;Plyushch P. (Ukr);Derevynskyi D. (Ukr);0;0;[];;
Win Cup (Ucrania);1;g_25_veJ4SPB5;;2021-03-17 09:15:00;Khoroshko A. (Ukr);Yunusov E. (Ukr);0;0;[];;
Win Cup (Ucrania);1;g_25_tKFjez36;;2021-03-17 09:15:00;Kubrak S. (Ukr);Rubtsov S. (Ukr);0;0;[];;
Win Cup (Ucrania);1;g_25_veuzr5Bh;;2021-03-17 09:15:00;Zavinskiy S. (Ukr);Smetenko V. (Ukr);0;0;[];;
Win Cup (Ucrania);1;g_25_25IMbORl;;2021-03-17 09:30:00;Derevynskyi D. (Ukr);Butkov M. (Ukr);0;0;[];;
Win Cup (Ucrania);1;g_25_G8MQcrse;;2021-03-17 09:30:00;Oprysk M. (Ukr);Plyushch P. (Ukr);0;0;[];;
Win Cup (Ucrania);1;g_25_lpJbgEXI;;2021-03-17 09:45:00;Gnesny D. (Ukr);Kubrak S. (Ukr);0;0;[];;
Win Cup (Ucrania);1;g_25_IBXnjrM2;;2021-03-17 09:45:00;Goradze A. (Ukr);Smetenko V. (Ukr);0;0;[];;
Win Cup (Ucrania);1;g_25_AgKfffIC;;2021-03-17 09:45:00;Rubtsov S. (Ukr);Mashtakov A. (Ukr);0;0;[];;
Win Cup (Ucrania);1;g_25_AVLUd2d1;;2021-03-17 10:00:00;Korobeynik S. (Ukr);Khamurda V. (Ukr);0;0;[];;
Win Cup (Ucrania);1;g_25_lMKYeMB7;;2021-03-17 10:00:00;Solovey V. (Ukr);Gorchakov V. (Ukr);0;0;[];;
Win Cup (Ucrania);1;g_25_0bPA0Vvn;;2021-03-17 10:15:00;Goloveshkin A. (Ukr);Rodin A. (Ukr);0;0;[];;
Win Cup (Ucrania);1;g_25_lOL61BPu;;2021-03-17 10:15:00;Yunusov E. (Ukr);Gnesny D. (Ukr);0;0;[];;
Win Cup (Ucrania);1;g_25_d2Wjk2y9;;2021-03-17 10:15:00;Zavinskiy S. (Ukr);Ermolaev A. (Ukr);0;0;[];;
Win Cup (Ucrania);1;g_25_lEQ9K5l8;;2021-03-17 10:30:00;Butkov M. (Ukr);Gorchakov V. (Ukr);0;0;[];;
Win Cup (Ucrania);1;g_25_S4PDJP3E;;2021-03-17 10:30:00;Khamurda V. (Ukr);Plyushch P. (Ukr);0;0;[];;
Win Cup (Ucrania);1;g_25_21bOWgLs;;2021-03-17 10:45:00;Goradze A. (Ukr);Zavinskiy S. (Ukr);0;0;[];;
Win Cup (Ucrania);1;g_25_fLOEakfh;;2021-03-17 10:45:00;Khoroshko A. (Ukr);Mashtakov A. (Ukr);0;0;[];;
Win Cup (Ucrania);1;g_25_YBNIb99b;;2021-03-17 10:45:00;Yunusov E. (Ukr);Kubrak S. (Ukr);0;0;[];;
Win Cup (Ucrania);1;g_25_zVSLH3YQ;;2021-03-17 11:00:00;Derevynskyi D. (Ukr);Oprysk M. (Ukr);0;0;[];;
Win Cup (Ucrania);1;g_25_MROHIqJK;;2021-03-17 11:00:00;Plyushch P. (Ukr);Korobeynik S. (Ukr);0;0;[];;
Win Cup (Ucrania);1;g_25_jmINcTO4;;2021-03-17 11:15:00;Kubrak S. (Ukr);Khoroshko A. (Ukr);0;0;[];;
Win Cup (Ucrania);1;g_25_YHI8RqRB;;2021-03-17 11:15:00;Rubtsov S. (Ukr);Gnesny D. (Ukr);0;0;[];;
Win Cup (Ucrania);1;g_25_OGnXUXkf;;2021-03-17 11:15:00;Smetenko V. (Ukr);Ermolaev A. (Ukr);0;0;[];;
Win Cup (Ucrania);1;g_25_K24hCsdl;;2021-03-17 11:30:00;Korobeynik S. (Ukr);Derevynskyi D. (Ukr);0;0;[];;
Win Cup (Ucrania);1;g_25_tC5lDNtr;;2021-03-17 11:30:00;Oprysk M. (Ukr);Butkov M. (Ukr);0;0;[];;
Win Cup (Ucrania);1;g_25_AXpuTBK6;;2021-03-17 11:45:00;Ermolaev A. (Ukr);Goradze A. (Ukr);0;0;[];;
Win Cup (Ucrania);1;g_25_UwHRdmvB;;2021-03-17 11:45:00;Gnesny D. (Ukr);Mashtakov A. (Ukr);0;0;[];;
Win Cup (Ucrania);1;g_25_O0GVe7gH;;2021-03-17 11:45:00;Khoroshko A. (Ukr);Rubtsov S. (Ukr);0;0;[];;
Win Cup (Ucrania);1;g_25_SS70ALQ0;;2021-03-17 12:00:00;Gorchakov V. (Ukr);Khamurda V. (Ukr);0;0;[];;
Win Cup (Ucrania);1;g_25_lx9dB1Bf;;2021-03-17 12:00:00;Solovey V. (Ukr);Plyushch P. (Ukr);0;0;[];;
Win Cup (Ucrania);1;g_25_x4KZfR8N;;2021-03-17 12:15:00;Goloveshkin A. (Ukr);Kubrak S. (Ukr);0;0;[];;
Win Cup (Ucrania);1;g_25_KS9vfoOT;;2021-03-17 12:15:00;Rodin A. (Ukr);Yunusov E. (Ukr);0;0;[];;
Win Cup (Ucrania);1;g_25_6avlRkkJ;;2021-03-17 12:15:00;Smetenko V. (Ukr);Zavinskiy S. (Ukr);0;0;[];;
Win Cup (Ucrania);1;g_25_Aic59ut7;;2021-03-17 12:30:00;Butkov M. (Ukr);Khamurda V. (Ukr);0;0;[];;
Win Cup (Ucrania);1;g_25_MR098aeD;;2021-03-17 12:30:00;Plyushch P. (Ukr);Gorchakov V. (Ukr);0;0;[];;
Win Cup (Ucrania);1;g_25_Myd6k5Wp;;2021-03-17 12:45:00;Mashtakov A. (Ukr);Yunusov E. (Ukr);0;0;[];;
Win Cup (Ucrania);1;g_25_zgamEl9o;;2021-03-17 12:45:00;Rodin A. (Ukr);Khoroshko A. (Ukr);0;0;[];;
Win Cup (Ucrania);1;g_25_bgRZlgsQ;;2021-03-17 12:45:00;Smetenko V. (Ukr);Goradze A. (Ukr);0;0;[];;
Win Cup (Ucrania);1;g_25_zVliXrYD;;2021-03-17 13:00:00;Derevynskyi D. (Ukr);Solovey V. (Ukr);0;0;[];;
Win Cup (Ucrania);1;g_25_ELmeW2mK;;2021-03-17 13:00:00;Oprysk M. (Ukr);Korobeynik S. (Ukr);0;0;[];;
Win Cup (Ucrania);1;g_25_Iw86qX4m;;2021-03-17 13:15:00;Ermolaev A. (Ukr);Zavinskiy S. (Ukr);0;0;[];;
Win Cup (Ucrania);1;g_25_d8mdCSwb;;2021-03-17 13:15:00;Gnesny D. (Ukr);Khoroshko A. (Ukr);0;0;[];;
Win Cup (Ucrania);1;g_25_EqbiD8Oi;;2021-03-17 13:15:00;Rubtsov S. (Ukr);Goloveshkin A. (Ukr);0;0;[];;
Win Cup (Ucrania);1;g_25_Wdr0VM2Q;;2021-03-17 13:30:00;Korobeynik S. (Ukr);Butkov M. (Ukr);0;0;[];;
Win Cup (Ucrania);1;g_25_Y5URQtBs;;2021-03-17 13:30:00;Solovey V. (Ukr);Oprysk M. (Ukr);0;0;[];;
Win Cup (Ucrania);1;g_25_4Yj4A68A;;2021-03-17 13:45:00;Goloveshkin A. (Ukr);Gnesny D. (Ukr);0;0;[];;
Win Cup (Ucrania);1;g_25_ABi0Bng4;;2021-03-17 13:45:00;Mashtakov A. (Ukr);Rodin A. (Ukr);0;0;[];;
Win Cup (Ucrania);1;g_25_OzBEsBZa;;2021-03-17 13:45:00;Zavinskiy S. (Ukr);Goradze A. (Ukr);0;0;[];;
Win Cup (Ucrania);1;g_25_SSTVP0Qm;;2021-03-17 14:00:00;Gorchakov V. (Ukr);Derevynskyi D. (Ukr);0;0;[];;
Win Cup (Ucrania);1;g_25_tWXZOKuf;;2021-03-17 14:00:00;Khamurda V. (Ukr);Solovey V. (Ukr);0;0;[];;
Win Cup (Ucrania);1;g_25_pjaNuk4C;;2021-03-17 14:15:00;Ermolaev A. (Ukr);Smetenko V. (Ukr);0;0;[];;
Win Cup (Ucrania);1;g_25_rPk89QNG;;2021-03-17 14:15:00;Gnesny D. (Ukr);Rodin A. (Ukr);0;0;[];;
Win Cup (Ucrania);1;g_25_00pD8pwN;;2021-03-17 14:15:00;Khoroshko A. (Ukr);Goloveshkin A. (Ukr);0;0;[];;
Win Cup (Ucrania);1;g_25_phMCQ3tI;;2021-03-17 14:45:00;Sharpay V. (Ukr);Nepochatov A. (Ukr);0;0;[];;
Win Cup (Ucrania);1;g_25_OfNvOve0;;2021-03-17 15:00:00;Kovalenko O. (Ukr);Kim D. (Ukr);0;0;[];;
Win Cup (Ucrania);1;g_25_SGBHPNeO;;2021-03-17 15:20:00;Zubko V. (Ukr);Boychuk V. (Ukr);0;0;[];;
Win Cup (Ucrania);1;g_25_vTI2qInc;;2021-03-17 15:35:00;Naumovich V. (Ukr);Chilikin A. (Ukr);0;0;[];;
Win Cup (Ucrania);1;g_25_viqH74hT;;2021-03-17 15:55:00;Sharpay V. (Ukr);Boychuk V. (Ukr);0;0;[];;
Win Cup (Ucrania);1;g_25_2oMrNbA6;;2021-03-17 16:10:00;Kovalenko O. (Ukr);Chilikin A. (Ukr);0;0;[];;
Win Cup (Ucrania);1;g_25_dWVr3O0p;;2021-03-17 16:30:00;Zubko V. (Ukr);Nepochatov A. (Ukr);0;0;[];;
Win Cup (Ucrania);1;g_25_dMznMIPC;;2021-03-17 16:45:00;Naumovich V. (Ukr);Kim D. (Ukr);0;0;[];;
Win Cup (Ucrania);1;g_25_86Zn2rGj;;2021-03-17 17:05:00;Sharpay V. (Ukr);Zubko V. (Ukr);0;0;[];;
Win Cup (Ucrania);1;g_25_zDZkLxuJ;;2021-03-17 17:20:00;Kovalenko O. (Ukr);Naumovich V. (Ukr);0;0;[];;
Win Cup (Ucrania);1;g_25_ABDVQRhi;;2021-03-17 17:40:00;Boychuk V. (Ukr);Nepochatov A. (Ukr);0;0;[];;
Win Cup (Ucrania);1;g_25_xIDYqMHJ;;2021-03-17 17:55:00;Chilikin A. (Ukr);Kim D. (Ukr);0;0;[];;
Win Cup (Ucrania);1;g_25_l2CZPo8c;;2021-03-17 18:15:00;Nepochatov A. (Ukr);Sharpay V. (Ukr);0;0;[];;
Win Cup (Ucrania);1;g_25_IJH6rx23;;2021-03-17 18:30:00;Kim D. (Ukr);Kovalenko O. (Ukr);0;0;[];;
Win Cup (Ucrania);1;g_25_IyHwP5N3;;2021-03-17 18:50:00;Boychuk V. (Ukr);Zubko V. (Ukr);0;0;[];;
Win Cup (Ucrania);1;g_25_jLHxqtXP;;2021-03-17 19:05:00;Chilikin A. (Ukr);Naumovich V. (Ukr);0;0;[];;
Win Cup (Ucrania);1;g_25_vi5nNqhG;;2021-03-17 19:25:00;Boychuk V. (Ukr);Sharpay V. (Ukr);0;0;[];;
Win Cup (Ucrania);1;g_25_8044v0us;;2021-03-17 19:40:00;Chilikin A. (Ukr);Kovalenko O. (Ukr);0;0;[];;
Win Cup (Ucrania);1;g_25_nH8fLNMS;;2021-03-17 20:00:00;Nepochatov A. (Ukr);Zubko V. (Ukr);0;0;[];;
Win Cup (Ucrania);1;g_25_ni38wKfm;;2021-03-17 20:15:00;Kim D. (Ukr);Naumovich V. (Ukr);0;0;[];;
Win Cup (Ucrania);1;g_25_lQfMGsVq;;2021-03-17 20:35:00;Zubko V. (Ukr);Sharpay V. (Ukr);0;0;[];;
Win Cup (Ucrania);1;g_25_4ScDxvAg;;2021-03-17 20:50:00;Naumovich V. (Ukr);Kovalenko O. (Ukr);0;0;[];;
Win Cup (Ucrania);1;g_25_UyCJF1pj;;2021-03-17 21:10:00;Nepochatov A. (Ukr);Boychuk V. (Ukr);0;0;[];;
Win Cup (Ucrania);1;g_25_rJdHybPa;;2021-03-17 21:25:00;Kim D. (Ukr);Chilikin A. (Ukr);0;0;[];;
Liga Pro (Rusia);2;g_25_WWGGaLJB;;2021-03-17 07:45:00;Shcherbatykh V. (Rus);Kulikova O. (Rus);0;0;[];;
Liga Pro (Rusia);2;g_25_pzLKbuZH;;2021-03-17 08:15:00;Prokhorova Y. (Rus);Vorobeva O. (Rus);0;0;[];2.13;1.54
Liga Pro (Rusia);2;g_25_QXYlsD3p;;2021-03-17 08:45:00;Kulikova O. (Rus);Prokhorova Y. (Rus);0;0;[];3.6;1.19
Liga Pro (Rusia);2;g_25_4OXhtXIj;;2021-03-17 09:15:00;Vorobeva O. (Rus);Shcherbatykh V. (Rus);0;0;[];;
Liga Pro (Rusia);2;g_25_WULz5Gei;;2021-03-17 09:45:00;Shcherbatykh V. (Rus);Prokhorova Y. (Rus);0;0;[];;
Liga Pro (Rusia);2;g_25_ALKv4zBc;;2021-03-17 10:15:00;Kulikova O. (Rus);Vorobeva O. (Rus);0;0;[];3.45;1.21
TT Cup (Ucrania);2;g_25_8fRt1TLm;Finalizado;2021-03-17 00:00:00;Zoreva N. (Ukr);Yarushkina I. (Ukr);3;1;[{'home': 3, 'away': 11}, {'home': 13, 'away': 11}, {'home': 11, 'away': 6}, {'home': 11, 'away': 3}];;
TT Cup (Ucrania);2;g_25_noQp0myf;;2021-03-17 02:30:00;Muchaylenco N. (Ukr);Postol A. (Ukr);0;0;[];1.15;4.45
TT Cup (Ucrania);2;g_25_t8Pla7j0;;2021-03-17 03:05:00;Leshchenko O. (Ukr);Yarushkina I. (Ukr);0;0;[];;
TT Cup (Ucrania);2;g_25_fBThbR56;;2021-03-17 03:40:00;Zoreva N. (Ukr);Muchaylenco N. (Ukr);0;0;[];2.35;1.44
TT Cup (Ucrania);2;g_25_xzJccoLC;;2021-03-17 04:15:00;Leshchenko O. (Ukr);Postol A. (Ukr);0;0;[];1.68;1.88
TT Cup (Ucrania);2;g_25_GQH1d5zJ;;2021-03-17 04:50:00;Muchaylenco N. (Ukr);Yarushkina I. (Ukr);0;0;[];;
TT Cup (Ucrania);2;g_25_rX5qLlDJ;;2021-03-17 05:25:00;Leshchenko O. (Ukr);Muchaylenco N. (Ukr);0;0;[];1.58;2.03
TT Cup (Ucrania);2;g_25_MN4mK8SP;;2021-03-17 06:00:00;Zoreva N. (Ukr);Postol A. (Ukr);0;0;[];1.55;2.1
TT Cup (Ucrania);2;g_25_S4sGFSzs;;2021-03-17 06:35:00;Leshchenko O. (Ukr);Zoreva N. (Ukr);0;0;[];1.84;1.74
TT Cup (Ucrania);2;g_25_t8oKEnjm;;2021-03-17 07:10:00;Postol A. (Ukr);Yarushkina I. (Ukr);0;0;[];;
Win Cup (Ucrania);2;g_25_dSFsOPxA;;2021-03-17 08:00:00;Ostroverkhova E. (Ukr);Gorishnyaya E. (Ukr);0;0;[];;
Win Cup (Ucrania);2;g_25_tfl4Rbq2;;2021-03-17 08:30:00;Rafikova D. (Ukr);Gorishnyaya E. (Ukr);0;0;[];;
Win Cup (Ucrania);2;g_25_jPVflMjF;;2021-03-17 09:00:00;Ostroverkhova E. (Ukr);Yushkevich A. (Ukr);0;0;[];;
Win Cup (Ucrania);2;g_25_hf9jM37M;;2021-03-17 09:30:00;Rafikova D. (Ukr);Yushkevich A. (Ukr);0;0;[];;
Win Cup (Ucrania);2;g_25_pQmTVDzl;;2021-03-17 10:00:00;Ostroverkhova E. (Ukr);Rafikova D. (Ukr);0;0;[];;
Win Cup (Ucrania);2;g_25_WtnyUi50;;2021-03-17 10:30:00;Yushkevich A. (Ukr);Gorishnyaya E. (Ukr);0;0;[];;
Win Cup (Ucrania);2;g_25_hdzpSVZC;;2021-03-17 11:00:00;Gorishnyaya E. (Ukr);Ostroverkhova E. (Ukr);0;0;[];;
Win Cup (Ucrania);2;g_25_K2SVkZRJ;;2021-03-17 11:30:00;Yushkevich A. (Ukr);Rafikova D. (Ukr);0;0;[];;
Win Cup (Ucrania);2;g_25_vm92pDks;;2021-03-17 12:00:00;Yushkevich A. (Ukr);Ostroverkhova E. (Ukr);0;0;[];;
Win Cup (Ucrania);2;g_25_C07AriKg;;2021-03-17 12:30:00;Gorishnyaya E. (Ukr);Rafikova D. (Ukr);0;0;[];;
Win Cup (Ucrania);2;g_25_6a0JtVl6;;2021-03-17 13:00:00;Rafikova D. (Ukr);Ostroverkhova E. (Ukr);0;0;[];;
Win Cup (Ucrania);2;g_25_EP3Rv9JI;;2021-03-17 13:30:00;Gorishnyaya E. (Ukr);Yushkevich A. (Ukr);0;0;[];;
